,0
0,BBT
1,SaraoMusic
2,Yoro
3,d4crvz
4,Duocane
5,Mr. Ashé
6,Orlando Gibbons
7,Tempest
8,Dead Heather
9,Charles Mingus
10,Pihlanne
11,John Sebastian
12,Lynyrd Skynyrd
13,Hamzaa
14,Bossa Lounge Deluxe
15,Manjit Rupowalia
16,Jorma Kaukonen
17,Color for Shane
18,The Ready Set
19,Alexie Divello
20,Ayumi Ishito
21,Uncle Sam
22,Joe Mooney
23,Todd Rundgren
24,Mose Allison
25,Landing
26,Nick Finzer
27,Johnny Winter
28,Lil Dev
29,Hanses
30,Jaivah
31,Husan
32,TV's Kyle
33,Shoes
34,Kostas Makedonas
35,Ruggero Scandiuzzi
36,Charme Chulo
37,Lars Gullin
38,Big Image
39,Namua Morimoto
40,Aferdita Demaku
41,Miguel Ríos
42,Mahesh Dawar
43,Pedrinho Cavalléro
44,Matiu Colin
45,Código Zero
46,Slow Relaxing Jazz
47,Тетяна Бученко
48,Zubeen Garg
49,Shirley & Lee
50,Donna Lewis
51,Zéu Britto
52,Koolade
53,Sankalp Khetwal
54,Louise Dowd
55,Daryl Hall & John Oates
56,Miss Pooja
57,The Erotics
58,Joe Liggins
59,Wagner Almeida
60,Melo Bakale
61,Ramkesh Jiwanpurwala
62,Cigarro Mata
63,Hi3ND
64,Yuri Vinogradov
65,The Hollywood Flames
66,Kruglov-Sooäär Quartet
67,Headnodic
68,Louis Armstrong & His Hot Seven
69,Thanks Joey
70,Omar Sosa
71,Uriel Henao
72,Aye Hit Gee
73,Spandau Ballet
74,Rico 2 Smoove
75,Ağadadaş Ağayev
76,The Robins
77,Danilo Bolado
78,idontexist
79,Leroy Hutson
80,Umm Kulthum
81,Jimmy Dorsey
82,Como Asesinar a Felipes
83,Barbara Lewis
84,Giorgio Gaslini
85,Danba
86,Prakash Jal
87,Frente!
88,Jazz Relax Coffee House
89,Birbal Musafir
90,Freja Kirk
91,Frances Yip
92,Dean Martin
93,Raymonde
94,Palo Mudo
95,The Impalas
96,Felezhetetlen
97,JVNR
98,Pastel de Miolos
99,Chris Rea
100,Fred Fredburguer
101,Carlos Lima
102,The Cleftones
103,Wardell Gray
104,Frankie Valli & The Four Seasons
105,Landau
106,Grupo Raíces de Venezuela
107,Baboon Ha
108,Jah Mason
109,Drenna
110,Angel NeBes
111,M'ax
112,Diana Navarro
113,Alannah Myles
114,Jan Pieterszoon Sweelinck
115,Macumbazilla
116,The Dominoes
117,Ratas Rabiosas
118,Ryan Voio
119,La Cabra Mecanica
120,Swapnil Bandodkar
121,flowless
122,Jitendra Tomkyal
123,José Catire Carpio
124,Raissa
125,Ivo Mojzer
126,Percy Sledge
127,De Portables
128,Los Muecas
129,Rodrigo Haddad
130,Corazones Muertos
131,Boozoo Bajou
132,Polvö
133,Joonas Widenius Trio
134,Morgana King
135,Amit Aashik
136,Simple Plan
137,E.R.I
138,Dj Nenê Do Rincão
139,Annie Cordy
140,Marino Marini
141,Növa
142,Yuvraj Mewadi
143,The Robert Cray Band
144,Balli Mohanwadi
145,The Oak Ridge Boys
146,Marco Klarck
147,Ik Baaz
148,Benny
149,Mahesh Ranjan Shome
150,Mimis Plessas
151,Taurus the Rapper
152,Kim
153,Jonna Torres
154,Bullet Raja
155,Paraisso
156,Celtic Thunder
157,Howard McGhee
158,Omarion
159,Olavi Virta
160,Nura M. Inuwa
161,Deodato
162,Diamond Hands
163,Jammin´ Dose
164,Anil Bisht
165,Blind Faith
166,Zudizilla
167,Alan Davey
168,Manzura
169,Agnar Már Magnússon
170,The Monkees
171,The Essex
172,Mainpoint
173,El Nuevo Coyote
174,Carly Simon
175,Static-X
176,Mando
177,Bojalar
178,Ike Turner
179,Rani Rangili
180,El Diluvi
181,Зинира Рамазанова
182,Fed Nance
183,Jelly Roll Morton
184,Coffee Shop Swingers
185,Jeremy Camp
186,Зимовье Зверей
187,Leonardo Gonçalves
188,Dan Papirany
189,Ian Dury
190,Jimmy Jones
191,2crazyband
192,SATV Music
193,Smiley Lewis
194,Sunshine Anderson
195,Nika Turković
196,SB Irfan Alwar
197,Nilakshi Neog
198,Rhys Lewis
199,Skid Row
200,Pacemaker
201,Pierre Vervloesem
202,Seal
203,Sindosi
204,Enrique Calvetty
205,Grateful Dead
206,The Crimea
207,"Eddie ""Lockjaw"" Davis"
208,Ratt
209,Ted Daigle
210,chuLa
211,The Spaniels
212,Gianni Bella
213,Buster Larsen
214,Nelson Gomez
215,Wadada Leo Smith
216,Thecatherines
217,Ivan Ferreiro
218,Santosh Toshi
219,Locals Only Sound
220,LESKY
221,Ice Cream
222,Mahmoud ElMohandes
223,Sam Levine
224,Los Delinqüentes
225,Upbeat Morning Music
226,WhoMadeWho
227,Yash Rathore
228,The Parlor Mob
229,Evelyn Huber
230,Otus
231,Essential Dinner Party Background Music
232,Los Piratas
233,Hot Hot Heat
234,Andrew Rayel
235,Janis Martin
236,Tenchio
237,Joni Mitchell
238,elfin'
239,Extremoduro
240,Hollow Da Don
241,Karina
242,Teddy Edwards
243,Sloan
244,Grupo Bryndis
245,Gavi
246,Ana Ritta
247,Indra Dhavsi
248,UFA
249,Udit Narayan
250,Jignesh Barot
251,Foreigner
252,Donald Fagen
253,Lou Gramm
254,Tiger Satish Das
255,Lloyd Brown
256,Red Bull Batalla
257,Soltész Rezső
258,Neel Akash
259,The Darkness
260,Demograffics
261,ZZ Top
262,GreenCircles
263,Forget the G
264,Bappa Mazumder
265,Darren W. Chamberlain
266,Tommy Roe
267,Seema Mishra
268,T-Connection
269,Angelique Band
270,Background Instrumental Jazz
271,Mehnaz
272,Alanis Morissette
273,Sleeze Beez
274,Louis Armstrong
275,Geeta Goswami
276,AnRoys
277,穆哲熙
278,Dave Burrell
279,Mai Thiên Vân
280,Bizouro Verde
281,Restaurant Jazz Classics
282,Art Van Damme Quintet
283,Ed Calle
284,Gabi Novak
285,Sven Kuhlmann
286,Alt-Ctrl-Sleep
287,Rafa Giácomo
288,Prakash Rawat
289,Eric Bouvelle
290,Srikanta Acharya
291,花僮
292,Йорданка Христова
293,Vinod Ranta
294,Bad Pop
295,The Olympics
296,Kenny Rogers
297,Uevo
298,Sarita Kharwal
299,Mahalo
300,Earl Hines
301,Patti LaBelle
302,Slank
303,95 Jax
304,Earl
305,Chris Barber
306,Hot Tuna
307,Callejón 13
308,7Segundos
309,Acerina Y Su Danzonera
310,Upik Malay
311,Sarah Vaughan
312,Mase
313,We Are Standard
314,Francesco Gatto
315,Bossa Lounge Bar
316,This Is Lorelei
317,Guddu Rangila
318,Dale Burbeck
319,Joe South
320,John Devson
321,Alma Livre
322,French Jazz Lounge Bar
323,Rahsaan Roland Kirk
324,Nappy Brown
325,Smooth Dinner Jazz
326,Nickelback
327,Machito
328,Priyanka Singh
329,Jennifer Juan
330,Iris & Ofer Portugaly
331,Joe Crepúsculo
332,Adastra
333,MANOJ TIWARI
334,Jazz Rilassante
335,Nonini Mgenge2Ru
336,Cheu-B
337,Navid Arbabian
338,六艾司 Lilice
339,Marillion
340,Esquerita
341,The Paperboys
342,Daily Thompson
343,MC Lyte
344,Foals
345,Shah Farooq
346,16-17
347,CLAIM
348,Starsailor
349,Pramod Premi Yadav
350,Santanu Sahoo
351,Grand Funk Railroad
352,Electric Fantasy
353,Gustavo Toledo & Gabriel
354,Los Bopper's
355,Matt Bianco
356,Bombay Bicycle Club
357,Urbanites
358,Los Tornados
359,Pravin Luni
360,Biffy Clyro
361,Vishwash Rangila
362,suxingcyu
363,Paty Cantú
364,Billy Fury
365,Mundell Lowe
366,Phan Đinh Tùng
367,Kurara
368,レベル27
369,PENPALS
370,O Rappa
371,Jarod
372,The Obsessed
373,New Orleans Rhythm Kings
374,Orleans
375,Inder Jeet
376,D.R.L
377,程佳佳
378,Fariz RM
379,KC & The Sunshine Band
380,PH Paulo Henrique
381,Atahualpa Yupanqui
382,CeeLo Green
383,Olivia Keast
384,Veer Sukhwant
385,Johnny Otis
386,Leo Hart and the City Line
387,Second
388,Lucas Gratão e Cristian
389,Mansoor Ali Malangi
390,Gerald Levert
391,Lili & Susie
392,plastiq
393,Poche
394,Gravity
395,Chula Rock Band
396,Thisquietarmy
397,Bill Kirchen
398,Bad Company
399,Doc Cheatham
400,The Monotones
401,England Dan & John Ford Coley
402,Big Maybelle
403,Wojciech Staroniewicz
404,James Butler
405,Sophie B. Hawkins
406,Jhayam
407,Duran Duran
408,The Guy Who Sings Songs About Cities & Towns
409,Johan Hoogewijs
410,Aditya Bhardwaj
411,Gustav Holst
412,The Everly Brothers
413,Manna Dey
414,Nazia Iqbal
415,Navv Inder
416,Lion Heart
417,Brenda Lee
418,Chocolate Starfish
419,Jason Mraz
420,K. Deep
421,Champe Khan
422,13th Funeral
423,Griss Romero
424,Fruto Sensual
425,Clyde McPhatter
426,Anis Suraya
427,Alireza Roozegar
428,wander wildner
429,The Harptones
430,Rough Cutt
431,The Sleepy Bears
432,Rocío Jurado
433,Lino Cannavacciuolo
434,"Billy ""The Kid"" Emerson"
435,Ole Amund Gjersvik
436,Megas
437,Ben Bernie and His Hotel Roosevelt Orchestra
438,Sri Fayola
439,Dusty Springfield
440,Mota Blues
441,Massivan
442,Brandy
443,Smooth Jazz Relax
444,Sheenam Katholic
445,Anitta
446,Claude Bolling
447,Jonathan King
448,Don Pullen
449,Jason Tarver
450,Jigmat Ladakhi
451,Khorus
452,Banda Boa Toda
453,Classic Jazz
454,Chuck Willis
455,CRYING NUT
456,The Lovecraft Sextet
457,Sheryl Crow
458,Mikey Mason
459,Não pode Ser Nada
460,Raquel Rastenni
461,Paris Youth Foundation
462,Bossa Jazz Club
463,M. D. Pallavi
464,Гурт Експрес
465,Katla
466,Bullet Bane
467,Ahmet Sipahi
468,Jhef
469,Mike Zito
470,Harlem Jazz Guitar Quartet
471,Filipe Alvim
472,Marvin Rainwater
473,Stefania Tallini
474,Scrimshire
475,Gene Kasidit
476,George Jones
477,Thammuz
478,The Jive Five
479,Jimmie Lunceford
480,Lars Erstrand
481,inch
482,The Stranglers
483,Bush
484,Francy
485,Paul Whiteman & His Orchestra
486,LICE
487,Jimmy Heath
488,Mista
489,Susanna
490,Futuristic Polar Bears
491,The Chantels
492,Mari Trini
493,Bora Barx
494,Krishnamoni Chutia
495,Arsen Hayrapetyan
496,Justin Hinds & The Dominoes
497,Dave Tice
498,Giovanni Girolamo Kapsberger
499,Junsun
500,Tito Puente & His Orchestra
501,Remixing Mohit RM
502,The Original Jazz Lounge Band
503,Gupz Sehra
504,Uno Santo
505,O BANDO DO VELHO JACK
506,Genial Au Japon
507,Rodox
508,The Beatmotors
509,Daniela Araújo
510,The Second Face
511,Lost Pines
512,SYNC.EXE
513,Paul Severs
514,John Coltrane
515,Skuba
516,José Ricardo Williams
517,Maceo Parker
518,Los Baby's
519,DustRats
520,Sexy Sadie
521,Sunday Morning Jazz Playlist
522,Bobby Darin
523,Dr. John
524,Vicente Garcia
525,The Crickets
526,Xiado da Xinela
527,Emmylou Harris
528,Ljuba Alicic
529,August Twelfth
530,Los Terricolas
531,Upbeat Instrumental Music
532,Aywee Tha Seed
533,Taves
534,NA-3LDK
535,Bonet de San Pedro
536,Milan Das
537,Kiggen
538,Cornell Campbell
539,Weliton O Gordinho
540,TBwoy
541,The Cars
542,Rudi Wilfer
543,Chicago
544,The Moonglows
545,Eva Pilarová
546,D.I.D
547,Jean Pierre Magnet
548,Red Callender
549,Turk Murphy
550,Blindside
551,Gabriza
552,Hoorsees
553,Rita Reys
554,Billy Butterfield
555,Hypernova
556,Khesari Lal Yadav
557,Little Tony
558,Experience
559,George Benson
560,René Bottlang
561,Rabin Boro
562,Billy Walton Band
563,Igor Rolim
564,Tayyib Ali
565,Cassie
566,Miki Howard
567,Hampton Hawes
568,Changing Faces
569,Abel Miller
570,Baby Gas
571,Fornet
572,Rohana Weerasinghe
573,Donald Vega
574,Warren Zevon
575,Emmie Muthiga
576,James Taylor
577,Ernesto Aurignac
578,Sahin Khan Mewati
579,Suntrigger
580,Marty Wilde
581,Olivia Dean
582,Edgar Broughton Band
583,Herring Franky
584,Nuance
585,The Hollies
586,John Anderson
587,Edward Maya
588,Jazzstrumental
589,Natalie Cole
590,Inbute
591,MARTTE
592,Gloria Gaynor
593,Brantley Gilbert
594,Inder Arya
595,Bobby Rydell
596,The Black Underground
597,Do
598,Pilot
599,Gato Barbieri
600,BlackWitch
601,Edward H Dafis
602,Mehdi Farukh
603,Johnny Hartman
604,Claudio Monteverdi
605,Alien
606,Mani Deïz
607,The Deedle Deedle Dees
608,Kid Abelha
609,Arsenio Rodríguez
610,Ike & Tina Turner
611,Lakis Papadopoulos
612,illmore
613,Godex
614,Naghma
615,Cafe Jazz Deluxe
616,Escambau
617,Miso misara
618,TOTEM
619,Aygün Səmədzadə
620,Ella Fitzgerald
621,Arthur Sullivan
622,Freddy Cannon
623,Toni Braxton
624,Cefa
625,Bread
626,Flo Rida
627,I Wayne
628,Petlya Pristrastiya
629,Jérome Payet
630,Rene Schier
631,The Marcels
632,Jan Garber & His Orchestra
633,Mangal Singh
634,Eva Vázquez
635,The Jazz Cats
636,Jarabe De Palo
637,Glenn Miller
638,IZA
639,Lessa Gustavo
640,Hotel Lobby Jazz Music
641,Tommy Dorsey
642,Corey Finesse
643,Andre Marques
644,bonobos
645,Positiva
646,Malla 100 Alça
647,Opium Ink
648,Weftin
649,Paolo Bagnasco
650,Exit
651,Crazy Horse
652,Mey
653,Pete Gooding
654,螟上?邨ゅo繧
655,Ein Gutes Pferd
656,Ravi Raj
657,Theo Bleckmann
658,Trille
659,Albert Ammons
660,Neon Boy
661,Calango Brabo
662,La Playa Sextet
663,Hanne Boel
664,Mayday Parade
665,Nat Adderley
666,范倪Liu
667,MC5
668,Yolanda Adams
669,Diego & Victor Hugo
670,Lorenzo Luca
671,Concílio de Trento
672,Tritonal
673,Bo Ningen
674,Bulldog
675,Bobby Solo
676,Rajender Singh Kharkiya
677,Connie Smith
678,Big Mj
679,Xavier Cugat
680,Roomies
681,Ramones
682,Biplob
683,Los Hermanos Cubero
684,Cobra Starship
685,Rosco Gordon
686,El Charrito Negro
687,Taweh G
688,Mike Emilio
689,Murf
690,Magic De Spell
691,Muzzarelas
692,Damu
693,Pasos Sin Rumbo
694,The Bridgeheads
695,Thomas Hass
696,Duo Dinamico
697,Naseem Begum
698,Cafe Restaurant Music
699,Jones Cruipy
700,Trio X of Sweden
701,JOAQUINA
702,Big Mama Thornton
703,Muggsy Spanier
704,Hot Heros
705,Kaleidoscope
706,Andres Puche
707,Mandisa
708,Lil' Kim
709,Shyam Marandi
710,Freddie King
711,Television
712,Kaku Ram Thakur
713,Bigod 20
714,Mick $uN
715,Alma Cogan
716,Stonewall Jackson
717,Turkmen Mukamlary
718,The Mullet Monster Mafia
719,Groove Stain
720,Primeira Estrada
721,Dee Dee Bridgewater
722,The Turbans
723,Jorge Drexler
724,Proxy
725,Hayley and the Crushers
726,The Wombats
727,11:11
728,Raushan Rohi
729,Popular Workshop
730,Mineiros da Lua
731,D-A-D
732,Paulo Almeida
733,The Gentleman's Jazz Club
734,twoDB
735,Suman Gupta
736,Sleep Jazz
737,Chick Webb
738,Georges Boulanger
739,Carranca
740,Jimmy Clanton
741,Mc Menor da Baixada
742,Léa Freire
743,Skizzo Skillz
744,Work Party
745,Relespública
746,Hello Operator
747,Mithu Marshal
748,Aerosmith
749,Daniel Diaz
750,Buck Owens
751,Garrafa Vazia
752,Slvdr
753,The Wolf Banes
754,Mickey Gilley
755,Benny Golson
756,The Fifth Estate
757,Forrozão Baby Som
758,Guilherme & Benuto
759,Trina
760,Caniko Tucci
761,Herbie Nichols Trio
762,The Fresh Jazz Quartet
763,The Clovers
764,Lars Christian Lundholm
765,Anthony Hamilton
766,Jack Scott
767,Phil Woods
768,Afshan Zaibi
769,Zafrir
770,Jimmie Noone
771,Armin van Buuren
772,Ghost Town
773,Terry Scott Taylor
774,Mike Oldfield
775,Living Room
776,Saïd Senhaji
777,Pantera
778,Umar X
779,Hipercubo
780,Quimi Portet
781,Rod Stewart
782,Lianne La Havas
783,Don Ricardo
784,Veljo Tormis
785,Parker McCollum
786,Laura Branigan
787,Faye Adams
788,Cecilia Toussaint
789,Lee Andrews
790,Barricada
791,Eubie Blake
792,我是土豆
793,Java Jazz Cafe
794,Samar Singh
795,Musiq Soulchild
796,Jan Ptaszyn Wróblewski
797,Jimmy Witherspoon
798,Vance Joy
799,Titu Remix
800,Miquel Abras
801,The Corrs
802,Bugseed
803,Cosmo Grão
804,Avi Toledano
805,Aseema Panda
806,Andrae Crouch
807,Frankie Valli
808,Andrew Gold
809,Desperados
810,Testament
811,Bill Doggett
812,Simone Du Beke Trio
813,Erskine Hawkins
814,Shilpi Raj
815,Anupam Roy
816,Daniel Popović
817,Estopa
818,Andrea Keller
819,The Futureheads
820,Caleb Dinger
821,Stiff Cat Steve
822,Victoria Spivey
823,Larsen/Feiten Band
824,Judie Tzuke
825,Coffee Shop Jazz Relax
826,Instrumental Jazz Music Ambient
827,alan hewitt
828,Kylie Minogue
829,Leo Marini
830,Johnny Tillotson
831,NVDES
832,The Diamonds
833,Dizzy Reece
834,JIHU
835,Kool&Klean
836,Les Variations
837,Keith Sweat
838,Rowland Greenberg
839,Humphrey Lyttelton
840,Venlo
841,El Mapache
842,Linda Montez
843,New York Deluxe Dinner Jazz
844,Alex
845,Art Farmer
846,Zetta
847,Daniel Powter
848,Jorge Sepúlveda
849,Deluxe Cafe Music
850,Jesse Belvin
851,Big Joe Turner
852,Barrio Pobre
853,Salim Sekhawas
854,Jay Jay
855,Anne-Marie
856,Arvind Akela Kallu Ji
857,Shahyad
858,Barenaked Ladies
859,Booker Ervin
860,The Jeff Steinberg Jazz Ensemble
861,Dilip Shadangi
862,Judy Collins
863,Claude François
864,Jimmy McCracklin
865,Detentos do Rap
866,Rani Chania
867,Eric Benét
868,Niklas Wandt
869,Botir Qodirov
870,The ResZends
871,Roxley Fhatuwani Masevhe
872,Faces
873,Antonio Orozco
874,Aggro Picasso
875,Chill Jazz-Lounge
876,Kuldeep Pattnaik
877,The Dream Academy
878,Artists Group
879,Canyons
880,Victor Feldman
881,Vanessa Williams
882,Robert Palmer
883,Belako
884,Sapata
885,Ace Frehley
886,Flash Beats Manow
887,Agorafobia
888,Pretenders
889,MC 7Kssio
890,Humanfobia
891,Aida Vedishcheva
892,Jimmy Dean
893,Baby Washington
894,Leandro & Romário
895,Laughin'Nose
896,Jelly Roll Morton & His Red Hot Peppers
897,"The Odd Man Who Sings About Poop, Puke and Pee"
898,Australian Art Orchestra
899,G-Stroke
900,Baby Face Willette
901,Joe d'Etienne Big Band
902,Banda Metade
903,Little Richard
904,Luca Bassanese
905,Red Sovine
906,Fx-M Black Beats
907,GH e Eduardo
908,Amos Milburn
909,Babyshambles
910,Marisol
911,Blueville
912,Max Nagl Trio
913,Pannonia Allstars Ska Orchestra
914,Gino Zambelli
915,Shorty Rogers
916,Maggie Rogers
917,Ack Ibanez
918,Freddie McGregor
919,Levellers
920,The California Ramblers
921,Pato
922,Tóc Tiên
923,John Ireland
924,Explicito'S
925,Ambrose & His Orchestra
926,Ernie K-Doe
927,Lilly Wolf
928,Los Diablos
929,Acmme Skateband
930,MSDOS
931,Fadar Bege
932,Augie Haas
933,Elsa Pitaloka
934,Loquillo Y Los Trogloditas
935,政學zedx
936,Apolo
937,Township
938,Nacha Pop
939,Sangeeta Mali
940,Brian Hyland
941,Cris Juanico
942,Wolfgang Puschnig
943,Pistol McFly
944,Suresh kumar
945,Libby Holman
946,Piano Lounge Smooth Jazz
947,Duane Eddy
948,Boxhead Ensemble
949,Vipul Susra
950,Jonathan Tyler
951,Faith Evans
952,Kid Noize
953,Jonn Hart
954,Brian Lanzelotta
955,Region 808
956,Karyn White
957,The Drifters
958,The Blues Brothers
959,Kaushik Bharwad
960,Kushà
961,Jazzquarterz
962,Rupam Bhuyan
963,Madd Illz
964,The Memphis Suns
965,Margaret Johnson
966,Tachenko
967,Anthony B
968,Jazz Bar Music Inc
969,Breath Of Wind
970,Her Neyse
971,Mutemath
972,Little Willie John
973,Adam A Zango
974,Ivory Joe Hunter
975,Tubby Hayes
976,The Dirty Denims
977,Rabbit
978,Skoffín
979,Kulwinder Billa
980,Glen Gray & The Casa Loma Orchestra
981,Kehlani
982,Nunes Filho
983,Daniel Levi
984,Otis Ubaka
985,Bette Midler
986,Hank Harpers Trio
987,Dejan Cukić
988,MynameiS
989,Fito y Fitipaldis
990,Octorama
991,Aalaap Raju
992,Olivia Lewis
993,The London Jazz Lounge Bar
994,Atom TM
995,Graham Central Station
996,3t Brax
997,Pino G
998,Aziya Muzik
999,Hernán Gamboa
1000,O Retrô Ativo
1001,Hot Lips Page
1002,Harry James
1003,Mekan Atayev
1004,Mudhoney
1005,Frankie Lymon & The Teenagers
1006,Reverendo Frankenstein
1007,Art of Collision
1008,Praful Dave
1009,Classy Cafe Jazz Music
1010,Ignacio Montoya Carlotto
1011,Stelios Kazantzidis
1012,Money Bagz
1013,Os Aquamans
1014,Pedro Vargas
1015,Chucho
1016,Buddy Cole
1017,King Curtis
1018,Que Almighty
1019,Catatonia
1020,Buffalo Springfield
1021,Coffee House Instrumental Jazz Playlist
1022,Molly Rainford
1023,DEVO
1024,Florian Ross
1025,BISHNU MOHAN KABI
1026,Hilola Hamidova
1027,Johnny Ace
1028,Timid Soul
1029,Greekboy
1030,La Ciudad
1031,Color Me Badd
1032,Curtis Fuller
1033,Trevor Jackson
1034,Khushbu Tiwari KT
1035,Ewan MacColl
1036,Magokoro Brothers
1037,Alpha
1038,Agnaldo Timoteo
1039,Ruchika Jangid
1040,Tori Amos
1041,Frank Bridge
1042,Patricia Dallio
1043,fox capture plan
1044,107 Faunos
1045,Riyan Raj
1046,Hotel Lobby Jazz Group
1047,TBF
1048,LCD Soundsystem
1049,Pee Wee Hunt
1050,Ragnar Bjarnason
1051,Madina Lake
1052,Le capre a sonagli
1053,Shital Thakor
1054,Malcolm Yelvington
1055,Bastille
1056,Chill Out Dinner Jazz
1057,Tommy Whittle
1058,BARACK LA VOIX D'OR
1059,Павел Пиковский
1060,Dionne Warwick
1061,Edward Elgar
1062,Tony Joe White
1063,Magma Soul
1064,Yossi NS
1065,Lloyd Price
1066,Chris Connor
1067,Ellis Marsalis
1068,Little Feat
1069,Cafe Jazz Duo
1070,VIA Plamja
1071,Gopal Gurjar
1072,Charles Villiers Stanford
1073,экранка
1074,the Corals
1075,Massimo Faraò
1076,The Seldon Plan
1077,DOJO
1078,Study Jazz
1079,Abraham Barrera
1080,Seu Cuca
1081,Piru Bhai Solanki
1082,Teemu Kekkonen
1083,Mediterranean Deconstruction Ensemble
1084,Anil
1085,Vivek Naik
1086,Brebaje Extraño
1087,Dinner Jazz Orchestra
1088,Big Dreamz
1089,Lobão
1090,Coffee House Jazz Club
1091,Sayar Bhai
1092,Howard Ivans
1093,Kemal Monteno
1094,Daniel Lima
1095,Vimal Negi
1096,Ray Stevens
1097,Paula Castillo
1098,Mud
1099,Kumar Bapi
1100,Endah N Rhesa
1101,Barroso
1102,Red Nichols
1103,Babushan
1104,En Vogue
1105,Charlie Gracie
1106,Robert Wells
1107,Sergio Dalma
1108,Spacehog
1109,Stellar Death
1110,Latha Walpola
1111,Tasmin Archer
1112,Diwan Siwan
1113,Тетяна Чирик
1114,眉村ちあき
1115,Greenslade
1116,LUDMILLA
1117,Art Adams
1118,Nei Van Soria
1119,Twenty One Pilots
1120,Nu Flavor
1121,Chandan Chand
1122,MANA
1123,The Beau Brummels
1124,Panos Kiamos
1125,Manoj Sagar
1126,Mentah
1127,Air Supply
1128,Dhananjay Dhadkan
1129,Kaustubh Gaikwad
1130,Gokul Sharma
1131,Karhide
1132,Roulette
1133,Seals and Crofts
1134,Sonny Burgess
1135,Teenage Gluesniffers
1136,Ave
1137,Sandeep Chandel
1138,Chuck Berry
1139,Lulu Santos
1140,Frank Ifield
1141,Maxter Warjri and The Band
1142,Henrique & Diego
1143,Tamia
1144,Foghat
1145,Black Heat
1146,TWENTY88
1147,Davolee
1148,Dayo
1149,Mitch Ryder and The Detroit Wheels
1150,Whit Dickey
1151,The Joy Formidable
1152,Kevni
1153,Fletcher Henderson
1154,The Ravens
1155,Sugar Factory
1156,Jake Bradford-Sharp
1157,Nahawa Doumbia
1158,El DeBarge
1159,Lolita Garrido
1160,Gibonni
1161,Wizkid
1162,Alexny
1163,Little Eva
1164,The Houdini's
1165,Sun Ra
1166,Manoj Arya
1167,Gabrielle Aplin
1168,Manel Camp
1169,The B-52's
1170,Mama Longhorn
1171,Girolamo Frescobaldi
1172,Sanne Salomonsen
1173,Renato Borghetti
1174,Javed Ali
1175,Joe Morris
1176,Nick Frater
1177,Buddy Knox
1178,Wingy Manone
1179,Myríad
1180,Sannidhya Bhuyan
1181,Dharmacide
1182,Manezinho Do Sax
1183,A Rocket To The Moon
1184,Instrumental Jazz Lounge
1185,Bpace
1186,João Capinha
1187,Namita Agrawal
1188,Rajeev Sharma
1189,The Human League
1190,Banda Encantu's
1191,Bablu Ankiya
1192,The Very Most
1193,Leroy Jones
1194,Sonny & Cher
1195,Illinois Jacquet
1196,Good Morning Jazz Cafe
1197,Eddie Rabbitt
1198,Río Arga
1199,Madan Gurjar
1200,Efecto Pasillo
1201,Cynic
1202,Top Cats
1203,Otis Redding
1204,Favours
1205,Lee Konitz
1206,Andra Day
1207,The Du Droppers
1208,Humera Channa
1209,Vibraphonic
1210,Amber Lulu
1211,Reinhard Vanbergen
1212,UMAKANT BARIK
1213,Rappin' Hood
1214,Walter Losi
1215,Jungle Brothers
1216,John Lee Hooker
1217,Hermez
1218,Pawan Singh
1219,Pete Fountain
1220,Yelle
1221,The Pogues
1222,EMF
1223,The Celibate Rifles
1224,The Prostitutes
1225,Biswajit Mohapatra
1226,Dave Saunders Trio
1227,Cliff Hillis
1228,Shelly Manne
1229,Marv Johnson
1230,Uncle Tupelo
1231,Final Disaster
1232,Amaria
1233,Wayang
1234,Los Yonic's
1235,Tor Tauil
1236,The Pink Fairies
1237,Nelson Ned
1238,Baltimore
1239,Best Intentions
1240,Earl Bostic
1241,Erratic Moody
1242,Manchester
1243,Spirit
1244,Track Dogs
1245,Heinrich Schütz
1246,Tommy Steele
1247,Christmas Jazz Holiday Music
1248,Correos
1249,Somethin' For The People
1250,boom boom kid
1251,Izmália
1252,Maldita Nerea
1253,Yokoano
1254,Janne Huttunen
1255,Michael Praetorius
1256,Background Jazz Music
1257,Donald Byrd
1258,Funkware
1259,Jimmy Bertrand's Washboard Wizards
1260,Quarteto de Cinco
1261,Nitumoni Pegu
1262,Humane Sagar
1263,Rachun
1264,Yunona
1265,Los Ajenos
1266,Dinesh Lal Yadav
1267,Mukesh Choudhary
1268,Late Night Jazz Lounge
1269,Eric Bolvin
1270,La Mafia
1271,Keith McKelley
1272,Todd Trusty
1273,dreCoy
1274,Howlin Rain
1275,Amrita Dixit
1276,Amit Erez
1277,Verdcel
1278,MEDUZA
1279,Hubert Parry
1280,Faith No More
1281,Matt Belsante
1282,Nostalgia 77
1283,Percy Mayfield
1284,Cecil Gant
1285,Chelsea Hart
1286,Joe Locke
1287,The Orlons
1288,ONO1
1289,Última Tribo
1290,Maronda
1291,Emile Ford & The Checkmates
1292,Kojoe
1293,Ainars Bumbieris
1294,Tom Hades
1295,Konstantin Klashtorni
1296,Abe Rábade
1297,Front Line Assembly
1298,Sidney Scaccio
1299,Antiskeptic
1300,Jabier Muguruza
1301,Colours of Bubbles
1302,Smooth Jazz New York
1303,Jazz For Sleeping
1304,SEST
1305,Cardiknox
1306,Los Bribones
1307,McKinney's Cotton Pickers
1308,Helen O'Connell
1309,Larry Williams
1310,Zumbis Do Espaço
1311,Kei Owada
1312,Chandan Chanchal
1313,Griff
1314,King Zebra
1315,Plastiko
1316,Aminu Ladan Alan Waka
1317,Jackie Davis
1318,Poba Gourab
1319,Lukie D
1320,Mongo Santamaria
1321,Los Enemigos
1322,Saturday Morning Jazz Playlist
1323,Ken Sharp
1324,The Pretty Things
1325,Shirley Horn
1326,Leopold and His Fiction
1327,Titãs
1328,Nilla Pizzi
1329,Aman Sahedow
1330,J-Shin
1331,Walter Wanderley
1332,Juliana Hatfield
1333,Split
1334,Kafé
1335,Emanuel
1336,Isabella Lundgren
1337,João Neto & Frederico
1338,Tore Morten Andreassen
1339,The Nutmegs
1340,Jota Infinito
1341,Sakal Balamua
1342,Orgânico
1343,Samuel Scheidt
1344,Queen Naija
1345,Meca Uno
1346,Rodzeng
1347,Patricia Fawkes
1348,Duoscience
1349,Whettman Chelmets
1350,Ronnie Hawkins
1351,Pleasure P
1352,LaVern Baker
1353,Aka Soen
1354,King James
1355,Lemongrass
1356,Sunsets and Hearts
1357,Torch the Hive
1358,凤凰传奇
1359,Michelle Branch
1360,Indu Sonali
1361,Ashanti
1362,John Philip Sousa
1363,Lucky Thompson
1364,雨模様のソラリス
1365,Ramsey Lewis Trio
1366,Kamlesh Barot
1367,El Sueño de Morfeo
1368,Jaheim
1369,Gene Chandler
1370,Stay Away
1371,Facção Central
1372,The Doors
1373,The Вйо
1374,Juhamatti
1375,Willis Jackson
1376,George Olsen and His Music
1377,Félix Stüssi
1378,Benny Carter
1379,Florito
1380,Spective
1381,The Magic Numbers
1382,Base Jam
1383,Hal Kemp
1384,Lalitya Munshaw
1385,Álvaro De Luna
1386,Limahl
1387,Zolki Band
1388,Vortex Surfer
1389,Benny Joy
1390,Ipana Troubadours
1391,Albert Nicholas
1392,Hugo & Tiago
1393,Queensrÿche
1394,Laidback Luke
1395,Priyankara Perera
1396,Electric Boys
1397,Марта Кот
1398,Dalevuelta
1399,Adam Faith
1400,Estyr
1401,Vijay Chauhan
1402,Antra Singh Priyanka
1403,Fabio Cadore
1404,Bunny Berigan and His Orchestra
1405,Link Wray
1406,Mary J. Blige
1407,Eldar Mansurov
1408,Jackie McLean
1409,Don Medardo y sus Players - Producciones Medarluz
1410,Ankush Raja
1411,Bonnie Raitt
1412,Guillaume De Chassy
1413,Marco Zurzolo
1414,Foxlane
1415,Jerry Jeff Walker
1416,Natural Self
1417,Samuel Coleridge-Taylor
1418,Ray Charles
1419,Saman De Silva
1420,To Fly Reggae
1421,Fred Oliveira
1422,Tiësto
1423,Mezz Mezzrow
1424,Bruno Spoerri
1425,New York City Jazz Club
1426,Eddie Turner
1427,Brook Benton
1428,Svend Asmussen
1429,Zlata Avdic
1430,Suresh Wadkar
1431,Gunjan Singh
1432,Classic French Jazz
1433,Kunx Choppa
1434,Jaymes Young
1435,呂婕菲 (Shiny)
1436,Veríssimo
1437,Jazz Lounge Cocktail Bar
1438,Al Jarreau
1439,黄静美
1440,Gappy Ranks
1441,Ovhi Firsty
1442,Comunidade Nin-jitsu
1443,Ria Valk
1444,Tas Cru
1445,Ron Gallo
1446,Hosila Rahimova
1447,DARIU
1448,Ritu Guha
1449,Balkar Sidhu
1450,Tom Robinson Band
1451,Jean-Luc Lahaye
1452,Monnette Sudler
1453,Christina Perri
1454,Stacy Lattisaw
1455,Cafe Jazz Tokyo
1456,Orange Bicycle
1457,Damn Yankees
1458,Wnc Whopbezzy
1459,Simpatiko PH
1460,Jack McDuff
1461,Young Ax
1462,Gyanma
1463,Akshara Singh
1464,Level
1465,Jazz Instrumental Chill
1466,Desmond and the Tutus
1467,Seth Dyer
1468,Anupama Mishra
1469,112
1470,Cartel da Cevada
1471,Les Chats Sauvages
1472,Uendel Pinheiro
1473,Papa Razzi and the Photogs
1474,Edgar Winter
1475,Finn Liu
1476,Levert
1477,Joy Division
1478,The Method
1479,TOSHIKI HAYASHI(%C)
1480,Waldo Cesar
1481,Xarim Aresté
1482,Noswal
1483,Merzbow
1484,Winger
1485,Beth Travers
1486,Kuba Stankiewicz
1487,Annisteen Allen
1488,Pablo Abraira
1489,Milt Buckner
1490,Anu Dubey
1491,Chalk Dinosaur
1492,The Penguins
1493,The Yardbirds
1494,Bobby Freeman
1495,Nadjmadin Ghoulami
1496,Johnnie Ray
1497,Anupriya Lakhawat
1498,Ray Bryant
1499,Junkyard Shaman
1500,Al Cohn
1501,Sai Htee Saing
1502,James Moody
1503,Syifa Maulina
1504,Diarchy
1505,Beheom
1506,Nueva Vulcano
1507,Danyel Gerard
1508,Teddy Redell
1509,Lasting Maze
1510,Delroy Wilson
1511,Novos Baianos
1512,Acústicos & Valvulados
1513,Danny & The Juniors
1514,Yo Ciervo
1515,Billy Eckstine
1516,The Del-Vikings
1517,Sweaty Palms
1518,Becky Hill
1519,Clean Bandit
1520,Johnette Downing
1521,XanTz
1522,Tina Turner
1523,Lil' Mo
1524,Bossa Nova Beach
1525,Kyros
1526,Hazamat
1527,Jeson
1528,Geirr Lystrup
1529,Bunyodbek Saidov
1530,Hank Ballard & The Midnighters
1531,Roger Voudouris
1532,Cuebe
1533,Mat Ngoc
1534,Asas Morenas
1535,Os Intrusivos
1536,MC Reino
1537,Trupti Das
1538,Jake Five
1539,Simply Red
1540,Stephen Gauci
1541,Baby Rose
1542,Bohuslän Big Band
1543,Ben E. King
1544,Antiqcool
1545,Tal Farlow
1546,Home Brewed Universe
1547,The Replacements
1548,Mahalia
1549,Howard Hewett
1550,Pepet I Marieta
1551,Lem Winchester
1552,MYKYTA LOMAKIN
1553,Featherstone
1554,Thanh Trúc
