,0,1
0,Summer Walker,Mariah the Scientist
1,Summer Walker,Jhené Aiko
2,Summer Walker,Kehlani
3,Summer Walker,SZA
4,Summer Walker,Ari Lennox
5,ODIE,Cautious Clay
6,ODIE,Q
7,ODIE,Chase Shakur
8,ODIE,Berhana
9,ODIE,Chiiild
10,Lola Young,Rachel Chinouriri
11,Lola Young,Remi Wolf
12,Lola Young,Olivia Dean
13,Lola Young,Lorde
14,Lola Young,RAYE
15,ULTRA SUNN,Twin Tribes
16,ULTRA SUNN,NNHMN
17,ULTRA SUNN,Boy Harsher
18,ULTRA SUNN,Bragolin
19,ULTRA SUNN,Vandal Moon
20,David Walters,The Bongo Hop
21,David Walters,Mélissa Laveaux
22,David Walters,El Gato Negro
23,David Walters,Voilaaa
24,David Walters,DjeuhDjoah
25,Cissy Street,Nine Sparks Riots
26,Cissy Street,AFØNK
27,Cissy Street,WRD Trio
28,Cissy Street,Mestizo Beat
29,Cissy Street,Brothers Of My Uncle
30,The Orion Experience,The Happy Fits
31,The Orion Experience,Saint Motel
32,The Orion Experience,Jhariah
33,The Orion Experience,Tally Hall
34,The Orion Experience,Teddy Hyde
35,The Silhouettes Project,VBND
36,The Silhouettes Project,Yazmin Lacey
37,The Silhouettes Project,LEX AMOR
38,The Silhouettes Project,Barney Artist
39,The Silhouettes Project,Gabriels
40,Flyte,junodream
41,Flyte,Billie Marten
42,Flyte,Bess Atwell
43,Flyte,Madison Cunningham
44,Flyte,Black Sea Dahu
45,Ruby Rushton,Vels Trio
46,Ruby Rushton,Snazzback
47,Ruby Rushton,Ebi Soda
48,Ruby Rushton,Jazzbois
49,Ruby Rushton,Tenderlonious
50,Wizkid,BNXN
51,Wizkid,Asake
52,Wizkid,DJ Tunez
53,Wizkid,Burna Boy
54,Wizkid,Seyi Vibez
55,Majestic,Meduza
56,Majestic,Boulevard des Airs
57,Majestic,Omi
58,Majestic,Kore
59,Majestic,Tryo
60,Nubiyan Twist,Blue Lab Beats
61,Nubiyan Twist,Ashley Henry
62,Nubiyan Twist,Ezra Collective
63,Nubiyan Twist,Nubya Garcia
64,Nubiyan Twist,Butcher Brown
65,Teyana Taylor,Jazmine Sullivan
66,Teyana Taylor,Kehlani
67,Teyana Taylor,Summer Walker
68,Teyana Taylor,H.E.R.
69,Teyana Taylor,Coco Jones
70,Beck,The Flaming Lips
71,Beck,Cake
72,Beck,Ween
73,Beck,Spoon
74,Beck,The Beta Band
75,Twenty One Pilots,Balu Brigada
76,Twenty One Pilots,half•alive
77,Twenty One Pilots,Panic! at the Disco
78,Twenty One Pilots,Imagine Dragons
79,Twenty One Pilots,AJR
80,Emmet Cohen,Peter Bernstein
81,Emmet Cohen,Fred Hersch
82,Emmet Cohen,Sullivan Fortner
83,Emmet Cohen,Patricia Brennan
84,Emmet Cohen,Thom Rotella
85,Gabzy,melvitto
86,Gabzy,Melvitto & Gabzy
87,Gabzy,Victony
88,Gabzy,Ruger
89,Gabzy,Maleek Berry
90,Ronald Langestraat,Dorothy Ashby
91,Ronald Langestraat,Mulatu Astatke
92,Ronald Langestraat,Alan Tew
93,Ronald Langestraat,Gene Harris
94,Ronald Langestraat,Sven Libaek
95,Snazzback,Ruby Rushton
96,Snazzback,Underground Canopy
97,Snazzback,The Brothers Nylon
98,Snazzback,Jazzbois
99,Snazzback,Mad Keys
100,Selena Gomez,Selena Gomez & the Scene
101,Selena Gomez,Miley Cyrus
102,Selena Gomez,Camila Cabello
103,Selena Gomez,Bridgit Mendler
104,Selena Gomez,Selena Gomez & Marshmello
105,All Time Low,Simple Creatures
106,All Time Low,Mayday Parade
107,All Time Low,State Champs
108,All Time Low,We the Kings
109,All Time Low,The Maine
110,Leon Bridges,Khruangbin & Leon Bridges
111,Leon Bridges,The Teskey Brothers
112,Leon Bridges,Son Little
113,Leon Bridges,Black Pumas
114,Leon Bridges,Curtis Harding
115,Moonlight Jazz Trio,Brendan Maynard + 2
116,Moonlight Jazz Trio,Tribute Trio
117,Moonlight Jazz Trio,Bedford and 7th
118,Moonlight Jazz Trio,Aurelius Markus Trio
119,Moonlight Jazz Trio,Claus Waidtløw
120,rum.gold,Ray Lozano
121,rum.gold,Elmiene
122,rum.gold,Alex Isley
123,rum.gold,Lizzie Berchie
124,rum.gold,Rayana Jay
125,Biig Piig,Lava La Rue
126,Biig Piig,Greentea Peng
127,Biig Piig,Arlo Parks
128,Biig Piig,Hope Tala
129,Biig Piig,Nao
130,Abraham Afewerki,Yemane Barya
131,Abraham Afewerki,Jemal Romodan
132,Abraham Afewerki,SAMI BERHANE
133,Abraham Afewerki,Teame Weledemichael
134,Abraham Afewerki,Eden Kesete
135,Triosence,Tingvall Trio
136,Triosence,Emil Brandqvist Trio
137,Triosence,Foehn Trio
138,Triosence,Bill Laurance Trio
139,Triosence,Julian & Roman Wasserfuhr
140,June Freedom,Nelson Freitas
141,June Freedom,Djodje
142,June Freedom,C4 Pedro
143,June Freedom,melvitto
144,June Freedom,Yarden
145,Ellie Goulding,Foxes
146,Ellie Goulding,Tove Lo
147,Ellie Goulding,Bebe Rexha
148,Ellie Goulding,Rita Ora
149,Ellie Goulding,Zara Larsson
150,Mareux,Dionnysuss
151,Mareux,Ultra Sunn
152,Mareux,PASTEL GHOST
153,Mareux,Twin Tribes
154,Mareux,MoonVampire
155,Colby Brock,Love for Hire
156,Colby Brock,Katrina Stuart
157,Colby Brock,Yung Scuff
158,Colby Brock,Sam Golbach
159,Colby Brock,Til Death Do We Part
160,Jordan Ward,Smino
161,Jordan Ward,Chase Shakur
162,Jordan Ward,SiR
163,Jordan Ward,Joony
164,Jordan Ward,Destin Conrad
165,Snoh Aalegra,Cleo Sol
166,Snoh Aalegra,Ari Lennox
167,Snoh Aalegra,SiR
168,Snoh Aalegra,Sinead Harnett
169,Snoh Aalegra,Sinéad Harnett
170,Marcus King,The Marcus King Band
171,Marcus King,Gary Clark Jr.
172,Marcus King,Tedeschi Trucks Band
173,Marcus King,JJ Grey & Mofro
174,Marcus King,Fantastic Negrito
175,Zara Larsson,Bebe Rexha
176,Zara Larsson,Mabel
177,Zara Larsson,Rita Ora
178,Zara Larsson,Ava Max
179,Zara Larsson,Little Mix
180,DEMONDICE,FAKE TYPE.
181,DEMONDICE,TOPHAMHAT-KYO
182,DEMONDICE,chelmico
183,DEMONDICE,Eve
184,DEMONDICE,Creepy Nuts
185,Ximena & Antonio,Moreno Jazz Band
186,Ximena & Antonio,Jonny Libonate
187,Ximena & Antonio,Juliano Vidal Band
188,Ximena & Antonio,da Suécia
189,Ximena & Antonio,Vitor José Fonseca
190,Loona,LOONA/yyxy
191,Loona,LOOΠΔ 1/3
192,Loona,Loossemble
193,Loona,ODD EYE CIRCLE (ARTMS)
194,Loona,HeeJin
195,Biffy Clyro,Marmaduke Duke
196,Biffy Clyro,Twin Atlantic
197,Biffy Clyro,Feeder
198,Biffy Clyro,Frightened Rabbit
199,Biffy Clyro,Reuben
200,The Marías,Clairo
201,The Marías,Men I Trust
202,The Marías,Tokyo Tea Room
203,The Marías,Shelly
204,The Marías,beabadoobee
205,jxdn,mgk
206,jxdn,MOD SUN
207,jxdn,Beauty School Dropout
208,jxdn,iann dior
209,jxdn,Sueco
210,Aaryan Shah,Always Never
211,Aaryan Shah,Shaker
212,Aaryan Shah,Ashlee
213,Aaryan Shah,Zandros
214,Aaryan Shah,Teflon Sega
215,Architects,Imminence
216,Architects,Polaris
217,Architects,While She Sleeps
218,Architects,Currents
219,Architects,LANDMVRKS
220,Nina Simone,Etta James
221,Nina Simone,Billie Holiday
222,Nina Simone,Aretha Franklin
223,Nina Simone,Dinah Washington
224,Nina Simone,Ella Fitzgerald
225,Hot Mulligan,Arm's Length
226,Hot Mulligan,Ben Quad
227,Hot Mulligan,saturdays at your place
228,Hot Mulligan,Free Throw
229,Hot Mulligan,Heart Attack Man
230,Surprise Chef,Karate Boogaloo
231,Surprise Chef,Mildlife
232,Surprise Chef,The Sure Fire Soul Ensemble
233,Surprise Chef,L'eclair
234,Surprise Chef,El Michels Affair
235,Forest Blakk,Matt Hansen
236,Forest Blakk,Alexander Stewart
237,Forest Blakk,Clinton Kane
238,Forest Blakk,BANNERS
239,Forest Blakk,Alex Warren
240,Gregory Porter,Diana Krall
241,Gregory Porter,Cassandra Wilson
242,Gregory Porter,Lizz Wright
243,Gregory Porter,Melody Gardot
244,Gregory Porter,José James
245,The Royston Club,The K's
246,The Royston Club,Overpass
247,The Royston Club,Phoneboy
248,The Royston Club,The Covasettes
249,The Royston Club,The Happy Fits
250,Richard Ashcroft,The Verve
251,Richard Ashcroft,Noel Gallagher's High Flying Birds
252,Richard Ashcroft,Liam Gallagher
253,Richard Ashcroft,Travis
254,Richard Ashcroft,Ian Brown
255,Matt Corby,Boy & Bear
256,Matt Corby,Ben Howard
257,Matt Corby,Thelma Plum
258,Matt Corby,Ziggy Alberts
259,Matt Corby,Benjamin Francis Leftwich
260,Catching Flies,Parra for Cuva
261,Catching Flies,Henry Green
262,Catching Flies,il:lo
263,Catching Flies,Tourist
264,Catching Flies,Tor
265,Mario Winans,112
266,Mario Winans,Case
267,Mario Winans,Blackstreet
268,Mario Winans,P. Diddy
269,Mario Winans,Mario
270,French Police,Blood Club
271,French Police,Haunt Me
272,French Police,Guerra Fría
273,French Police,Twin Tribes
274,French Police,DustBowlChampion
275,Nikitch,Footshooter
276,Nikitch,Aurora Dee Raynes
277,Nikitch,GODriguez
278,Nikitch,S. Fidelity
279,Nikitch,C.O.W. 牛
280,Kehlani,Kiana Ledé
281,Kehlani,Summer Walker
282,Kehlani,Victoria Monét
283,Kehlani,Chlöe
284,Kehlani,Normani
285,Black Eyed Peas,will.i.am
286,Black Eyed Peas,Fergie
287,Black Eyed Peas,The Pussycat Dolls
288,Black Eyed Peas,Flo Rida
289,Black Eyed Peas,Timbaland
290,Quincy Jones,Brothers Johnson
291,Quincy Jones,Quincy Jones And His Orchestra
292,Quincy Jones,George Benson
293,Quincy Jones,Al Jarreau
294,Quincy Jones,George Duke
295,Marcin Wasilewski Trio,Bobo Stenson Trio
296,Marcin Wasilewski Trio,Manu Katché
297,Marcin Wasilewski Trio,Tord Gustavsen Trio
298,Marcin Wasilewski Trio,Tord Gustavsen Quartet
299,Marcin Wasilewski Trio,Espen Eriksen Trio
300,Lana Del Rey,Emile Haynie
301,Lana Del Rey,Lorde
302,Lana Del Rey,Marina & the Diamonds
303,Lana Del Rey,Melanie Martinez
304,Lana Del Rey,Billie Eilish
305,Myele Manzanza,Ashley Henry
306,Myele Manzanza,Blue Lab Beats
307,Myele Manzanza,Kamaal Williams
308,Myele Manzanza,Alfa Mist
309,Myele Manzanza,Moses Boyd
310,Sun Room,Surf Trash
311,Sun Room,The Mystery Lights
312,Sun Room,Skegss
313,Sun Room,Hockey Dad
314,Sun Room,The Orwells
315,Carsten Dahl,Mary Steinbrecher
316,Carsten Dahl,Bruno Sanders
317,Carsten Dahl,Edward Newton
318,Carsten Dahl,Jim Jensen
319,Carsten Dahl,Thomas Fonnesbæk
320,Simon Westman Trio,Jørgen Emborg
321,Simon Westman Trio,Martin Brandqvist Quartet
322,Simon Westman Trio,Matt Carmichael
323,Simon Westman Trio,John Helliwell
324,Simon Westman Trio,Ruhi Erdogan
325,Lewis Capaldi,Dean Lewis
326,Lewis Capaldi,Calum Scott
327,Lewis Capaldi,James Arthur
328,Lewis Capaldi,Dermot Kennedy
329,Lewis Capaldi,BANNERS
330,Will Paquin,Andrew Garden
331,Will Paquin,Mickey Darling
332,Will Paquin,Miniature Tigers
333,Will Paquin,Frances Forever
334,Will Paquin,Matt Maltese
335,ITZY,LIA (ITZY)
336,ITZY,NMIXX
337,ITZY,(G)I-DLE
338,ITZY,LEE CHAE YEON
339,ITZY,Everglow
340,H.E.R.,Ella Mai
341,H.E.R.,Summer Walker
342,H.E.R.,Kehlani
343,H.E.R.,Jhené Aiko
344,H.E.R.,Teyana Taylor
345,Greentea Peng,Enny
346,Greentea Peng,IAMDDB
347,Greentea Peng,Pip Millett
348,Greentea Peng,Eliza
349,Greentea Peng,Joy Crookes
350,Jonasu,Shane Codd
351,Jonasu,Nathan Dawe
352,Jonasu,Belters Only
353,Jonasu,PS1
354,Jonasu,Jazzy
355,Lars Danielsson,Ulf Wakenius
356,Lars Danielsson,Tingvall Trio
357,Lars Danielsson,Avishai Cohen
358,Lars Danielsson,Mathias Eick
359,Lars Danielsson,Wolfgang Haffner
360,Elvine Harley,Grace Carey
361,Elvine Harley,Madeleine West
362,Elvine Harley,Bill Walton
363,Elvine Harley,Jacob Baron
364,Elvine Harley,Drew Milner
365,Bluey,The Minions
366,Bluey,Animaniacs
367,Bluey,Powderfinger
368,Bluey,Mental As Anything
369,Bluey,Paul Kelly
370,John Engels,The Modern Jazz Trio
371,John Engels,Svante Söderqvist
372,John Engels,Thomas Sejthen Trio
373,John Engels,Rob van Bavel
374,John Engels,Gathering in Jazz
375,Jazzy Coffee,Cozy Bedroom
376,Jazzy Coffee,Cozy Apartment
377,Jazzy Coffee,Cozy Coffee Shop
378,Jazzy Coffee,Sydney Taylor Band
379,Jazzy Coffee,Chien Do
380,Rikard From,Eric Legnini Trio
381,Rikard From,Aaron Parks
382,Rikard From,Hara Noda
383,Rikard From,Duponte et Duponte
384,Rikard From,Mason Embry Trio
385,BRKN LOVE,DEAD POET SOCIETY
386,BRKN LOVE,The Blue Stones
387,BRKN LOVE,Cleopatrick
388,BRKN LOVE,Royal Blood
389,BRKN LOVE,Leap
390,Foo Fighters,Pearl Jam
391,Foo Fighters,Taylor Hawkins & The Coattail Riders
392,Foo Fighters,Nirvana
393,Foo Fighters,Them Crooked Vultures
394,Foo Fighters,Audioslave
395,KAMAUU,Enny
396,KAMAUU,Jacob Banks
397,KAMAUU,Masego
398,KAMAUU,Samm Henshaw
399,KAMAUU,GoldFord
400,Bryson Tiller,PARTYNEXTDOOR
401,Bryson Tiller,Brent Faiyaz
402,Bryson Tiller,Tory Lanez
403,Bryson Tiller,Summer Walker
404,Bryson Tiller,Sonder
405,Normani,Chlöe
406,Normani,FLO
407,Normani,Tinashe
408,Normani,Kehlani
409,Normani,Victoria Monét
410,The Rolling Stones,Keith Richards
411,The Rolling Stones,The Who
412,The Rolling Stones,The Kinks
413,The Rolling Stones,Mick Jagger
414,The Rolling Stones,Ron Wood
415,Oracle Sisters,Papooz
416,Oracle Sisters,Kate Bollinger
417,Oracle Sisters,Σtella
418,Oracle Sisters,strongboi
419,Oracle Sisters,Flavien Berger
420,NEIKED,Anne-Marie
421,NEIKED,Jason Derülo
422,NEIKED,MKTO
423,NEIKED,Mabel
424,NEIKED,Pia Mia
425,RAYE,RAYE & 070 Shake
426,RAYE,"RAYE, 070 Shake"
427,RAYE,Mabel
428,RAYE,Leigh-Anne
429,RAYE,Jorja Smith
430,Martin Landström,Magpie Jazz Trio
431,Martin Landström,Hara Noda
432,Martin Landström,Annie Berenson
433,Martin Landström,Most Iverson
434,Martin Landström,The Blue Green
435,Ojerime,Qendresa
436,Ojerime,Abra
437,Ojerime,Rochelle Jordan
438,Ojerime,Kelela
439,Ojerime,Eliza
440,Gary Bartz,Gary Bartz Ntu Troop
441,Gary Bartz,Johnny Hammond
442,Gary Bartz,Bobbi Humphrey
443,Gary Bartz,Donald Byrd
444,Gary Bartz,Pharoah Sanders
445,Cleo Sol,Sault
446,Cleo Sol,Snoh Aalegra
447,Cleo Sol,Ray Lozano
448,Cleo Sol,Amaria
449,Cleo Sol,Ari Lennox
450,Post Malone,Tyla Yaweh
451,Post Malone,The Kid LAROI
452,Post Malone,24kGoldn
453,Post Malone,Jack Harlow
454,Post Malone,iann dior
455,Funky Times,Organ Freeman
456,Funky Times,The Fearless Flyers
457,Funky Times,Scary Goldings
458,Funky Times,Redtenbacher's Funkestra
459,Funky Times,"Cody Fry, Cory Wong, Dynamo"
460,Kevin Walkman,Phoneboy
461,Kevin Walkman,adan diaz
462,Kevin Walkman,Mickey Darling
463,Kevin Walkman,The Polar Boys
464,Kevin Walkman,The Happy Fits
465,Les Sabler,Dee Brown
466,Les Sabler,Bob Mamet
467,Les Sabler,Shilts
468,Les Sabler,Jaared
469,Les Sabler,Tom Braxton
470,Panchiko,Summer 2000
471,Panchiko,blue smiley
472,Panchiko,LSD and the Search for God
473,Panchiko,Alison's Halo
474,Panchiko,Julie
475,Nea,Matt Simons
476,Nea,Julian Perretta
477,Nea,Jubël
478,Nea,Tones and I
479,Nea,Zoe Wees
480,The Bridge City Sinners,Amigo The Devil
481,The Bridge City Sinners,Clyde And The Milltailers
482,The Bridge City Sinners,Holy Locust
483,The Bridge City Sinners,Harley Poe
484,The Bridge City Sinners,Tejon Street Corner Thieves
485,Athletic Progression,Mad Keys
486,Athletic Progression,Alfa Mist
487,Athletic Progression,DOMi & JD Beck
488,Athletic Progression,Joomanji
489,Athletic Progression,Bremer/McCoy
490,Khruangbin,Arc De Soleil
491,Khruangbin,BALTHVS
492,Khruangbin,Glass Beams
493,Khruangbin,Menahan Street Band
494,Khruangbin,Surprise Chef
495,BTS,j-hope
496,BTS,Jin
497,BTS,Agust D
498,BTS,RM
499,BTS,Jung Kook
500,The Beefs,Jfarrari
501,The Beefs,alone in my room
502,The Beefs,Sleepy Soul
503,The Beefs,Viagra Boys
504,The Beefs,The Dandy Warhols
505,Glenn Gatsby,Katzenjammer
506,Glenn Gatsby,Pisk
507,Glenn Gatsby,Jamie Berry
508,Glenn Gatsby,Wolfgang Lohr
509,Glenn Gatsby,Ylvis
510,Riton,Joel Corry
511,Riton,James Hype
512,Riton,Jax Jones
513,Riton,Nathan Dawe
514,Riton,Sonny Fodera
515,Sevyn Streeter,K. Michelle
516,Sevyn Streeter,Tamar Braxton
517,Sevyn Streeter,Tink
518,Sevyn Streeter,Kiana Ledé
519,Sevyn Streeter,LeToya
520,The Rare Occasions,Phoneboy
521,The Rare Occasions,INOHA
522,The Rare Occasions,Good Kid
523,The Rare Occasions,Keanu Bicol
524,The Rare Occasions,late night drive home
525,Southside Trio,Nick Osman Trio
526,Southside Trio,Annie Berenson
527,Southside Trio,Keanan Field Group
528,Southside Trio,Jaden Berry
529,Southside Trio,Old Town Trio
530,Miley Cyrus,Hannah Montana
531,Miley Cyrus,Lady Gaga
532,Miley Cyrus,Selena Gomez
533,Miley Cyrus,Ke$ha
534,Miley Cyrus,Demi Lovato
535,Jake Bugg,The Courteeners
536,Jake Bugg,Gerry Cinnamon
537,Jake Bugg,Miles Kane
538,Jake Bugg,Jamie T
539,Jake Bugg,James Bay
540,Keith Urban,Tim McGraw
541,Keith Urban,Kenny Chesney
542,Keith Urban,Luke Bryan
543,Keith Urban,Thomas Rhett
544,Keith Urban,Dierks Bentley
545,The Bahama Soul Club,Mop Mop
546,The Bahama Soul Club,Italian Secret Service
547,The Bahama Soul Club,S-Tone Inc.
548,The Bahama Soul Club,Llorca
549,The Bahama Soul Club,Brenda Boykin
550,Tom Misch,Tom Misch & Yussef Dayes
551,Tom Misch,Jordan Rakei
552,Tom Misch,Loyle Carner
553,Tom Misch,Alfa Mist
554,Tom Misch,Oscar Jerome
555,Little Dragon,yukimi
556,Little Dragon,Goldfrapp
557,Little Dragon,Sylvan Esso
558,Little Dragon,Lamb
559,Little Dragon,Skinshape
560,Peggy Lee,Julie London
561,Peggy Lee,Doris Day
562,Peggy Lee,Nat King Cole
563,Peggy Lee,Jo Stafford
564,Peggy Lee,Dinah Washington
565,Art Blakey & The Jazz Messengers,Lee Morgan
566,Art Blakey & The Jazz Messengers,Sonny Rollins
567,Art Blakey & The Jazz Messengers,Hank Mobley
568,Art Blakey & The Jazz Messengers,Dexter Gordon
569,Art Blakey & The Jazz Messengers,Cannonball Adderley
570,Yebba,Jazmine Sullivan
571,Yebba,Cleo Sol
572,Yebba,Alex Isley
573,Yebba,Emily King
574,Yebba,rum.gold
575,Ben Webster,The Ben Webster Quintet
576,Ben Webster,Coleman Hawkins
577,Ben Webster,Lester Young
578,Ben Webster,Gerry Mulligan
579,Ben Webster,Coleman Hawkins & Ben Webster
580,OneRepublic,The Script
581,OneRepublic,Imagine Dragons
582,OneRepublic,Maroon 5
583,OneRepublic,American Authors
584,OneRepublic,Train
585,Jill Barber,Madeleine Peyroux
586,Jill Barber,Keren Ann
587,Jill Barber,Carla Bruni
588,Jill Barber,Sophie Milman
589,Jill Barber,Susie Arioli
590,Black Stone Cherry,Pop Evil
591,Black Stone Cherry,Buckcherry
592,Black Stone Cherry,Theory of a Deadman
593,Black Stone Cherry,The Dead Daisies
594,Black Stone Cherry,Shinedown
595,ENHYPEN,I-LAND
596,ENHYPEN,BOYNEXTDOOR
597,ENHYPEN,&TEAM
598,ENHYPEN,TOMORROW X TOGETHER
599,ENHYPEN,TWS
600,Good Kid,Phoneboy
601,Good Kid,Keanu Bicol
602,Good Kid,INOHA
603,Good Kid,Kevin Walkman
604,Good Kid,The Rare Occasions
605,Yazmin Lacey,Ezra Collective
606,Yazmin Lacey,Oscar Jerome
607,Yazmin Lacey,Ego Ella May
608,Yazmin Lacey,Madison McFerrin
609,Yazmin Lacey,Blue Lab Beats
610,Coldplay,Keane
611,Coldplay,Imagine Dragons
612,Coldplay,OneRepublic
613,Coldplay,Snow Patrol
614,Coldplay,Travis
615,Mimi Webb,Lauren Spencer Smith
616,Mimi Webb,Ella Henderson
617,Mimi Webb,Clara Mae
618,Mimi Webb,Griff
619,Mimi Webb,Tom Grennan
620,Amy Winehouse,Duffy
621,Amy Winehouse,Corinne Bailey Rae
622,Amy Winehouse,Adele
623,Amy Winehouse,Etta James
624,Amy Winehouse,Sade
625,Lianne La Havas,Cleo Sol
626,Lianne La Havas,Corinne Bailey Rae
627,Lianne La Havas,Charlotte Day Wilson
628,Lianne La Havas,Moses Sumney
629,Lianne La Havas,Jamila Woods
630,Téo Freire,Tree Nomads
631,Téo Freire,FRED HAYES
632,Téo Freire,Malcolm Edmonstone Trio
633,Téo Freire,Lotus trio
634,Téo Freire,Kupiers & Winter
635,Vitor José Fonseca,Ximena & Antonio
636,Vitor José Fonseca,Moreno Jazz Band
637,Vitor José Fonseca,Tom Rogers Band
638,Vitor José Fonseca,Lighthouse Lounge Band
639,Vitor José Fonseca,Sara Santos
640,Chris Brown,Chris Brown & Tyga
641,Chris Brown,Trey Songz
642,Chris Brown,August Alsina
643,Chris Brown,Omarion
644,Chris Brown,Usher
645,Zoe Wees,Michael Schulte
646,Zoe Wees,Dean Lewis
647,Zoe Wees,Lauren Spencer Smith
648,Zoe Wees,Faouzia
649,Zoe Wees,Mimi Webb
650,Pip Millett,Greentea Peng
651,Pip Millett,Joy Crookes
652,Pip Millett,Ama Lou
653,Pip Millett,Sinéad Harnett
654,Pip Millett,Cleo Sol
655,Limp Bizkit,Korn
656,Limp Bizkit,Primer 55
657,Limp Bizkit,Snot
658,Limp Bizkit,Slipknot
659,Limp Bizkit,System of a Down
660,Papa Roach,Three Days Grace
661,Papa Roach,P.O.D.
662,Papa Roach,Shinedown
663,Papa Roach,Saint Asonia
664,Papa Roach,Pop Evil
665,Q,Odie
666,Q,Choker
667,Q,bLAck pARty
668,Q,Jordan Ward
669,Q,Dijon
670,Zubi,Ckay
671,Zubi,Fireboy DML
672,Zubi,Omah Lay
673,Zubi,Nasri
674,Zubi,Monaldin
675,JP Saxe,Julia Michaels
676,JP Saxe,Ashley Kutcher
677,JP Saxe,Dean Lewis
678,JP Saxe,Alexander 23
679,JP Saxe,Jeremy Zucker
680,Chihiro Yamanaka,Toshiko Akiyoshi
681,Chihiro Yamanaka,Hiromi
682,Chihiro Yamanaka,Cro-Magnon
683,Chihiro Yamanaka,Billy Taylor
684,Chihiro Yamanaka,Cedar Walton
685,Thomas Rhett,Jordan Davis
686,Thomas Rhett,Cole Swindell
687,Thomas Rhett,Dustin Lynch
688,Thomas Rhett,Old Dominion
689,Thomas Rhett,Luke Bryan
690,The Happy Fits,Phoneboy
691,The Happy Fits,Saint Motel
692,The Happy Fits,Kevin Walkman
693,The Happy Fits,Jukebox the Ghost
694,The Happy Fits,Friday Pilots Club
695,Cody Currie,Tour-Maubourg
696,Cody Currie,Crackazat
697,Cody Currie,Fouk
698,Cody Currie,Folamour
699,Cody Currie,Kapote
700,Wesley Joseph,Loyle Carner
701,Wesley Joseph,Kofi Stone
702,Wesley Joseph,Sainté
703,Wesley Joseph,Finn Foxell
704,Wesley Joseph,Elijah Waters
705,Memo Boy,Wisp
706,Memo Boy,mage tears
707,Memo Boy,Bogdan Raczynski
708,Memo Boy,Dorian Concept
709,Memo Boy,BLKSMIITH
710,Frances Forever,chloe moriondo
711,Frances Forever,Beach Bunny
712,Frances Forever,mxmtoon
713,Frances Forever,Cavetown
714,Frances Forever,girl in red
715,Loathe,Thornhill
716,Loathe,Static Dress
717,Loathe,Moodring
718,Loathe,Blanket
719,Loathe,Invent Animate
720,Montell Fish,Lord's Child
721,Montell Fish,Sonder
722,Montell Fish,Avenoir
723,Montell Fish,Clara La San
724,Montell Fish,Frank Ocean
725,Dzihan & Kamien,Soma Sonic
726,Dzihan & Kamien,Marsmobil
727,Dzihan & Kamien,The Funky Lowlives
728,Dzihan & Kamien,The Mighty Bop
729,Dzihan & Kamien,Rainstick Orchestra
730,The Chalkeaters,The Stupendium
731,The Chalkeaters,JT Music
732,The Chalkeaters,Longestsoloever
733,The Chalkeaters,CG5
734,The Chalkeaters,Miatriss
735,Whitney Houston,Toni Braxton
736,Whitney Houston,Mariah Carey
737,Whitney Houston,Céline Dion
738,Whitney Houston,Janet Jackson
739,Whitney Houston,Jennifer Hudson
740,Kings of Leon,The Killers
741,Kings of Leon,Razorlight
742,Kings of Leon,Cold War Kids
743,Kings of Leon,Snow Patrol
744,Kings of Leon,Editors
745,Lorde,Addison Rae
746,Lorde,HAIM
747,Lorde,Charli xcx
748,Lorde,Caroline Polachek
749,Lorde,Audrey Hobert
750,Ibrahim Maalouf,Avishai Cohen
751,Ibrahim Maalouf,Erik Truffaz
752,Ibrahim Maalouf,Mammal Hands
753,Ibrahim Maalouf,Tingvall Trio
754,Ibrahim Maalouf,Youn Sun Nah
755,Oklou,Erika de Casier
756,Oklou,Caroline Polachek
757,Oklou,FKA twigs
758,Oklou,SMERZ
759,Oklou,Kelela
760,Jack Harlow,Drake
761,Jack Harlow,DaBaby
762,Jack Harlow,Logic
763,Jack Harlow,24kGoldn
764,Jack Harlow,Roddy Ricch
765,Shawn Mendes,"Shawn Mendes, Camila Cabello"
766,Shawn Mendes,Niall Horan
767,Shawn Mendes,Joshua Bassett
768,Shawn Mendes,Camila Cabello
769,Shawn Mendes,Ruel
770,Little Mix,Leigh-Anne
771,Little Mix,Perrie
772,Little Mix,Fifth Harmony
773,Little Mix,Zara Larsson
774,Little Mix,Jesy Nelson
775,Mariah the Scientist,Summer Walker
776,Mariah the Scientist,Jhené Aiko
777,Mariah the Scientist,Summer Walker & PARTYNEXTDOOR
778,Mariah the Scientist,Kehlani
779,Mariah the Scientist,Chxrry22
780,Tiwa Savage,Adekunle GOLD
781,Tiwa Savage,Fireboy DML
782,Tiwa Savage,Davido
783,Tiwa Savage,Kizz Daniel
784,Tiwa Savage,MAVINS
785,Elvis Costello & The Attractions,Elvis Costello
786,Elvis Costello & The Attractions,Elvis Costello & The Imposters
787,Elvis Costello & The Attractions,Squeeze
788,Elvis Costello & The Attractions,Nick Lowe
789,Elvis Costello & The Attractions,XTC
790,Volbeat,Five Finger Death Punch
791,Volbeat,Godsmack
792,Volbeat,Mustasch
793,Volbeat,Disturbed
794,Volbeat,Airbourne
795,DON BROCO,Deaf Havana
796,DON BROCO,Boston Manor
797,DON BROCO,Lower Than Atlantis
798,DON BROCO,Enter Shikari
799,DON BROCO,You Me at Six
800,Yves Tumor,Dean Blunt
801,Yves Tumor,Bar Italia
802,Yves Tumor,Eartheater
803,Yves Tumor,Arca
804,Yves Tumor,Oneohtrix Point Never
805,Flora Martínez,Fonseca
806,Flora Martínez,Elsa y Elmar
807,Flora Martínez,Bebe
808,Flora Martínez,Hailey Tuck
809,Flora Martínez,Rosana
810,Kiefer,DJ Harrison
811,Kiefer,Rob Araujo
812,Kiefer,Telemakus
813,Kiefer,Mndsgn
814,Kiefer,Blue Lab Beats
815,RUBII,Enny
816,RUBII,bina.
817,RUBII,"Gotts Street Park, Pip Millett"
818,RUBII,Greentea Peng
819,RUBII,Qendresa
820,grandson,MISSIO
821,grandson,Bohnes
822,grandson,The Unlikely Candidates
823,grandson,Des Rocs
824,grandson,Dreamers
825,Durand Jones & The Indications,Aaron Frazer
826,Durand Jones & The Indications,The Flying Stars Of Brooklyn NY
827,Durand Jones & The Indications,Bobby Oroza
828,Durand Jones & The Indications,Monophonics
829,Durand Jones & The Indications,Two Another
830,G-Eazy,Skizzy Mars
831,G-Eazy,Russ
832,G-Eazy,Joyner Lucas
833,G-Eazy,Logic
834,G-Eazy,Hoodie Allen
835,The Plot In You,Landon Tewers
836,The Plot In You,Motionless in White
837,The Plot In You,Bad Omens
838,The Plot In You,Thousand Below
839,The Plot In You,Bring Me the Horizon
840,Tom Grennan,Tom Walker
841,Tom Grennan,Ella Henderson
842,Tom Grennan,Mimi Webb
843,Tom Grennan,George Ezra
844,Tom Grennan,BANNERS
845,twocolors,Topic
846,twocolors,Felix Jaehn
847,twocolors,Robin Schulz
848,twocolors,Toby Romeo
849,twocolors,Fast Boy
850,Benson Boone,Alex Warren
851,Benson Boone,Matt Hansen
852,Benson Boone,Alexander Stewart
853,Benson Boone,Daniel Seavey
854,Benson Boone,Damiano David
855,Thomas Dutronc,Louis Chedid
856,Thomas Dutronc,Eddy Mitchell
857,Thomas Dutronc,Marc Lavoine
858,Thomas Dutronc,Pascal Obispo
859,Thomas Dutronc,Bernard Lavilliers
860,Maggie Lindemann,Nessa Barrett
861,Maggie Lindemann,LØLØ
862,Maggie Lindemann,Ally Nicholas
863,Maggie Lindemann,Madison Beer
864,Maggie Lindemann,Against the Current
865,GoGo Penguin,Mammal Hands
866,GoGo Penguin,Portico
867,GoGo Penguin,Tingvall Trio
868,GoGo Penguin,Slowly Rolling Camera
869,GoGo Penguin,Matthew Halsall
870,The Sorcerers,Karl Hector & The Malcouns
871,The Sorcerers,The Natural Yogurt Band
872,The Sorcerers,The Heliocentrics
873,The Sorcerers,The Comet Is Coming
874,The Sorcerers,Polyrhythmics
875,Conor Albert,Oscar Jerome
876,Conor Albert,Aaron Childs
877,Conor Albert,Maya Delilah
878,Conor Albert,Micah Edwards
879,Conor Albert,Sam Wills
880,Bladverk Band,Nocturnal Spirits
881,Bladverk Band,Ennio Máno
882,Bladverk Band,Hara Noda
883,Bladverk Band,Enzo Orefice Trio
884,Bladverk Band,Magnus Ringblom Quartet
885,Fievel Is Glauque,Zach Phillips
886,Fievel Is Glauque,Bruno Pernadas
887,Fievel Is Glauque,Mei Semones
888,Fievel Is Glauque,Mark William Lewis
889,Fievel Is Glauque,Jockstrap
890,Keanan Field Group,The Blue Green
891,Keanan Field Group,Annie Berenson
892,Keanan Field Group,Gene Hart Trio
893,Keanan Field Group,Three Four Trio
894,Keanan Field Group,Gottfried Barber Trio
895,Caskets,Awaken I Am
896,Caskets,Nerv
897,Caskets,Until i Wake
898,Caskets,Rain City Drive
899,Caskets,Wind Walkers
900,Ne-Yo,Mario
901,Ne-Yo,Usher
902,Ne-Yo,Omarion
903,Ne-Yo,Chris Brown
904,Ne-Yo,Akon
905,Hara Noda,Bladverk Band
906,Hara Noda,Ennio Máno
907,Hara Noda,Magnus Ringblom Quartet
908,Hara Noda,Martin Landström
909,Hara Noda,Nocturnal Spirits
910,EKKSTACY,thornskin
911,EKKSTACY,Yot Club
912,EKKSTACY,SUMMER ALONE
913,EKKSTACY,kurffew
914,EKKSTACY,Mind’s Eye
915,Olivia Rodrigo,Taylor Swift
916,Olivia Rodrigo,Sabrina Carpenter
917,Olivia Rodrigo,Gracie Abrams
918,Olivia Rodrigo,Chappell Roan
919,Olivia Rodrigo,Harry Styles
920,Poppy,That Poppy
921,Poppy,Jazmin Bean
922,Poppy,Allie X
923,Poppy,Slayyyter
924,Poppy,Scene Queen
925,Emotional Oranges,Unusual Demont
926,Emotional Oranges,Chiiild
927,Emotional Oranges,THEY.
928,Emotional Oranges,Jenevieve
929,Emotional Oranges,Christian Kuria
930,Falling In Reverse,Escape The Fate
931,Falling In Reverse,Black Veil Brides
932,Falling In Reverse,Motionless in White
933,Falling In Reverse,Sleeping With Sirens
934,Falling In Reverse,Ice Nine Kills
935,Jesus Molina,Shaun Martin
936,Jesus Molina,Hiromi
937,Jesus Molina,Larnell Lewis
938,Jesus Molina,Panam Panic
939,Jesus Molina,Chick Corea
940,Nubya Garcia,Ezra Collective
941,Nubya Garcia,Moses Boyd
942,Nubya Garcia,Ashley Henry
943,Nubya Garcia,Theon Cross
944,Nubya Garcia,Shabaka
945,Alesso,Martin Garrix
946,Alesso,Hardwell
947,Alesso,Axwell /\ Ingrosso
948,Alesso,Sebastian Ingrosso
949,Alesso,Afrojack
950,Lovejoy,James Marriott
951,Lovejoy,Good Kid
952,Lovejoy,Los Campesinos!
953,Lovejoy,Phoneboy
954,Lovejoy,Cavetown
955,Angus Grove,Roger Strauss
956,Angus Grove,Dorothy McKenzie
957,Angus Grove,Stan Stead
958,Angus Grove,Angelina Winter
959,Angus Grove,Danny Walgreen
960,Lovely Peaches,Trisha Paytas
961,Lovely Peaches,Saucy Santana
962,Lovely Peaches,Lil Tay
963,Lovely Peaches,Kylie Cantrall
964,Lovely Peaches,JoJo Siwa
965,Billy Idol,Generation X
966,Billy Idol,Duran Duran
967,Billy Idol,The Police
968,Billy Idol,Foreigner
969,Billy Idol,INXS
970,GIVĒON,Brent Faiyaz
971,GIVĒON,Daniel Caesar
972,GIVĒON,Bryson Tiller
973,GIVĒON,Sonder
974,GIVĒON,Khamari
975,Kahil El'Zabar,Jeff Parker
976,Kahil El'Zabar,Nduduzo Makhathini
977,Kahil El'Zabar,Angel Bat Dawid
978,Kahil El'Zabar,Ethnic Heritage Ensemble
979,Kahil El'Zabar,Sun Ra
980,Doja Cat,Doja Cat & The Weeknd
981,Doja Cat,Nicki Minaj
982,Doja Cat,SZA
983,Doja Cat,Megan Thee Stallion
984,Doja Cat,Summer Walker
985,Dreamer Isioma,orion sun
986,Dreamer Isioma,bLAck pARty
987,Dreamer Isioma,Fousheé
988,Dreamer Isioma,Fana Hues
989,Dreamer Isioma,chenayder
990,James Vickery,FIKA
991,James Vickery,JON VINYL
992,James Vickery,Amber-Simone
993,James Vickery,Spring Gang
994,James Vickery,miller blue
995,Matt Carmichael,Arne Torvik Trio
996,Matt Carmichael,Rudy Royston
997,Matt Carmichael,Jørgen Emborg
998,Matt Carmichael,Charles Chen
999,Matt Carmichael,Maridalen
1000,Kay Lohman,Edward France
1001,Kay Lohman,Jim Jensen
1002,Kay Lohman,Ray Royston
1003,Kay Lohman,Lee Bendroth
1004,Kay Lohman,Louie Martin
1005,Admas,Mulatu Astatke
1006,Admas,"Hailu Mergia, Dahlak Band"
1007,Admas,Hailu Mergia
1008,Admas,Bob James
1009,Admas,Emahoy Tsege Mariam Gebru
1010,Guns N' Roses,Mötley Crüe
1011,Guns N' Roses,Aerosmith
1012,Guns N' Roses,Slash
1013,Guns N' Roses,Skid Row
1014,Guns N' Roses,Velvet Revolver
1015,hard life,Easy Life
1016,hard life,Tai Verdes
1017,hard life,BENEE
1018,hard life,Alfie Templeman
1019,hard life,Binki
1020,The Fearless Flyers,Cory Wong
1021,The Fearless Flyers,Vulfpeck
1022,The Fearless Flyers,Vulfmon
1023,The Fearless Flyers,Mark Lettieri
1024,The Fearless Flyers,Organ Freeman
1025,Jazzystics,George White Group
1026,Jazzystics,Apollinare Rossi
1027,Jazzystics,Jamie Lancaster
1028,Jazzystics,The Cooltrane Quartet
1029,Jazzystics,Cassandra Beck
1030,LISA,JISOO
1031,LISA,Jennie
1032,LISA,Rosé
1033,LISA,BLACKPINK
1034,LISA,Meovv
1035,The Weeknd,Tory Lanez
1036,The Weeknd,Drake
1037,The Weeknd,Black Atlass
1038,The Weeknd,PARTYNEXTDOOR
1039,The Weeknd,Don Toliver
1040,Wanda Jackson,Gene Vincent
1041,Wanda Jackson,Carl Perkins
1042,Wanda Jackson,Eddie Cochran
1043,Wanda Jackson,Jerry Lee Lewis
1044,Wanda Jackson,Bill Haley & His Comets
1045,Bad Nerves,Wine Lips
1046,Bad Nerves,Teen Mortgage
1047,Bad Nerves,The Clockworks
1048,Bad Nerves,Stiff Richards
1049,Bad Nerves,Pretty Vicious
1050,Del Water Gap,Coin
1051,Del Water Gap,Maggie Rogers
1052,Del Water Gap,Ethan Tasch
1053,Del Water Gap,Bleachers
1054,Del Water Gap,Holly Humberstone
1055,Vincent Herring,Gábor Bolla
1056,Vincent Herring,romain pilon
1057,Vincent Herring,Thomas Hass
1058,Vincent Herring,Johannes Wallmann
1059,Vincent Herring,Claudio Cusmano
1060,Dua Lipa,Ava Max
1061,Dua Lipa,Katy Perry
1062,Dua Lipa,Silk City
1063,Dua Lipa,Zara Larsson
1064,Dua Lipa,Tove Lo
1065,Ayọ,Ayo
1066,Ayọ,Aṣa
1067,Ayọ,Selah Sue
1068,Ayọ,Nneka
1069,Ayọ,Hindi Zahra
1070,DESTIN CONRAD,Ambré
1071,DESTIN CONRAD,Arin Ray
1072,DESTIN CONRAD,Kehlani
1073,DESTIN CONRAD,Coco Jones
1074,DESTIN CONRAD,Summer Walker
1075,Ariana Grande,"Jessie J, Ariana Grande & Nicki Minaj"
1076,Ariana Grande,Sabrina Carpenter
1077,Ariana Grande,Madison Beer
1078,Ariana Grande,Cynthia Erivo
1079,Ariana Grande,SZA
1080,Halsey,Tove Lo
1081,Halsey,Hayley Kiyoko
1082,Halsey,Gracie Abrams
1083,Halsey,Bea Miller
1084,Halsey,Camila Cabello
1085,Diana Krall,Patricia Barber
1086,Diana Krall,Cassandra Wilson
1087,Diana Krall,Jane Monheit
1088,Diana Krall,Holly Cole
1089,Diana Krall,Melody Gardot
1090,Ray Charles,Otis Redding
1091,Ray Charles,Etta James
1092,Ray Charles,Aretha Franklin
1093,Ray Charles,Sam Cooke
1094,Ray Charles,Louis Armstrong
1095,Clube no norte,Tom Rogers Band
1096,Clube no norte,Leandro Amor Trio
1097,Clube no norte,Xavier Mendoza
1098,Clube no norte,Sara Santos
1099,Clube no norte,Joao Silva Olivieira
1100,DARGZ,Carrtoons
1101,DARGZ,Gotts Street Park
1102,DARGZ,okvsho
1103,DARGZ,Greg Spero
1104,DARGZ,Underground Canopy
1105,THE DRIVER ERA,R5
1106,THE DRIVER ERA,Luke Hemmings
1107,THE DRIVER ERA,Wallows
1108,THE DRIVER ERA,The Vamps
1109,THE DRIVER ERA,5 Seconds of Summer
1110,WILLOW,The Anxiety
1111,WILLOW,Chloe x Halle
1112,WILLOW,Solange
1113,WILLOW,Doja Cat
1114,WILLOW,Janelle Monáe
1115,Girlhood,Carson Coma
1116,Girlhood,Elefánt
1117,Girlhood,Krúbi
1118,Girlhood,mindchatter
1119,Girlhood,OHNODY
1120,Royal Blood,Nothing But Thieves
1121,Royal Blood,The Blue Stones
1122,Royal Blood,Cleopatrick
1123,Royal Blood,Himalayas
1124,Royal Blood,The Amazons
1125,Weathers,Dreamers
1126,Weathers,I DONT KNOW HOW BUT THEY FOUND ME
1127,Weathers,The Happy Fits
1128,Weathers,Saint Motel
1129,Weathers,Adam Jensen
1130,Phoebe Bridgers,boygenius
1131,Phoebe Bridgers,Lucy Dacus
1132,Phoebe Bridgers,Julien Baker
1133,Phoebe Bridgers,Better Oblivion Community Center
1134,Phoebe Bridgers,Leith Ross
1135,Stray Kids,Seungmin
1136,Stray Kids,Xdinary Heroes
1137,Stray Kids,Kickflip
1138,Stray Kids,ATEEZ
1139,Stray Kids,P1Harmony
1140,Amaria,Alex Isley
1141,Amaria,Ray Lozano
1142,Amaria,Ambré
1143,Amaria,Cleo Sol
1144,Amaria,Enny
1145,corto.alto,Raffy Bushman
1146,corto.alto,Ezra Collective
1147,corto.alto,Fergus McCreadie
1148,corto.alto,Kamaal Williams
1149,corto.alto,oreglo
1150,Sam Wills,FIKA
1151,Sam Wills,miller blue
1152,Sam Wills,Christian Kuria
1153,Sam Wills,Mac Ayres
1154,Sam Wills,Aaron Taylor
1155,Teddy Swims,Victor Ray
1156,Teddy Swims,GoldFord
1157,Teddy Swims,Rag'n'Bone Man
1158,Teddy Swims,Alex Warren
1159,Teddy Swims,JP Cooper
1160,T. P. Orchestre Poly-Rythmo,Gabo Brown
1161,T. P. Orchestre Poly-Rythmo,Le Super Borgou de Parakou
1162,T. P. Orchestre Poly-Rythmo,Vincent Ahehehinnou
1163,T. P. Orchestre Poly-Rythmo,Les Sympathics de Porto Novo
1164,T. P. Orchestre Poly-Rythmo,Bola Johnson
1165,Regard,Joel Corry
1166,Regard,Topic
1167,Regard,Meduza
1168,Regard,Jax Jones
1169,Regard,Sam Feldt
1170,Cafuné,The Rare Occasions
1171,Cafuné,VACATIONS
1172,Cafuné,INOHA
1173,Cafuné,d4vd
1174,Cafuné,Andrew Garden
1175,Cigarettes After Sex,Strawberry Guy
1176,Cigarettes After Sex,"Dream, Ivory"
1177,Cigarettes After Sex,Bubble Tea and Cigarettes
1178,Cigarettes After Sex,Salvia Palth
1179,Cigarettes After Sex,Cemeteries
1180,Grimes,Grimes & i_o
1181,Grimes,Eartheater
1182,Grimes,Arca
1183,Grimes,Sky Ferreira
1184,Grimes,Björk
1185,Charlotte Day Wilson,Snoh Aalegra
1186,Charlotte Day Wilson,Cleo Sol
1187,Charlotte Day Wilson,Jordan Rakei
1188,Charlotte Day Wilson,Sinéad Harnett
1189,Charlotte Day Wilson,Rosie Lowe
1190,Shane Codd,M-22
1191,Shane Codd,Navos
1192,Shane Codd,Joel Corry
1193,Shane Codd,PS1
1194,Shane Codd,Nathan Dawe
1195,Kaash Paige,Summer Walker
1196,Kaash Paige,Jhené Aiko
1197,Kaash Paige,DaniLeigh
1198,Kaash Paige,Mariah the Scientist
1199,Kaash Paige,Kehlani
1200,Those Damn Crows,Days of Jupiter
1201,Those Damn Crows,Takida
1202,Those Damn Crows,Stone Broken
1203,Those Damn Crows,Adelitas Way
1204,Those Damn Crows,Vayden
1205,Web Web,Misha Panfilov
1206,Web Web,Chip Wickham
1207,Web Web,Phi-Psonics
1208,Web Web,Gianni Brezzo
1209,Web Web,Godtet
1210,P!nk,Kelly Clarkson
1211,P!nk,Jessie J
1212,P!nk,Avril Lavigne
1213,P!nk,The Veronicas
1214,P!nk,Christina Aguilera
1215,Bombay Bicycle Club,The Maccabees
1216,Bombay Bicycle Club,Foals
1217,Bombay Bicycle Club,Mystery Jets
1218,Bombay Bicycle Club,Two Door Cinema Club
1219,Bombay Bicycle Club,Gengahr
1220,PinkPantheress,Lil Hero
1221,PinkPantheress,Yves
1222,PinkPantheress,Erika de Casier
1223,PinkPantheress,Kali Uchis
1224,PinkPantheress,Kelela
1225,Michel Colombier,Alberto Baldan Bembo
1226,Michel Colombier,Sven Libaek
1227,Michel Colombier,Piero Umiliani
1228,Michel Colombier,Philippe Sarde
1229,Michel Colombier,Piero Piccioni
1230,Point North,Nerv
1231,Point North,Awaken I Am
1232,Point North,Rain City Drive
1233,Point North,Hot Milk
1234,Point North,Caskets
1235,Pink Siifu,Mike
1236,Pink Siifu,Navy Blue
1237,Pink Siifu,Fly Anakin
1238,Pink Siifu,Mach-Hommy
1239,Pink Siifu,Billy Woods
1240,Bill Charlap Trio,Red Garland Trio
1241,Bill Charlap Trio,Bill Charlap
1242,Bill Charlap Trio,Cyrus Chestnut
1243,Bill Charlap Trio,Brad Mehldau Trio
1244,Bill Charlap Trio,Ron Miles
1245,PARTYNEXTDOOR,Drake
1246,PARTYNEXTDOOR,Bryson Tiller
1247,PARTYNEXTDOOR,Tory Lanez
1248,PARTYNEXTDOOR,Sonder
1249,PARTYNEXTDOOR,Brent Faiyaz
1250,Somebody's Child,corella
1251,Somebody's Child,Pentire
1252,Somebody's Child,The K's
1253,Somebody's Child,The Sherlocks
1254,Somebody's Child,Sea Girls
1255,Hiatus Kaiyote,Nai Palm
1256,Hiatus Kaiyote,Joomanji
1257,Hiatus Kaiyote,Moonchild
1258,Hiatus Kaiyote,DOMi & JD Beck
1259,Hiatus Kaiyote,Jordan Rakei
1260,Brothers Moving,Charles Pasi
1261,Brothers Moving,No Money Kids
1262,Brothers Moving,Hugh Laurie
1263,Brothers Moving,Евгений Маргулис
1264,Brothers Moving,Billy's Band
1265,Gerardo Frisina,Nicola Conte
1266,Gerardo Frisina,S-Tone Inc.
1267,Gerardo Frisina,Soulstance
1268,Gerardo Frisina,Barrio Jazz Gang
1269,Gerardo Frisina,Les Hommes
1270,Alewya,Dua Saleh
1271,Alewya,Greentea Peng
1272,Alewya,Jean Deaux
1273,Alewya,Rochelle Jordan
1274,Alewya,Amaka
1275,Japanese Breakfast,Alvvays
1276,Japanese Breakfast,Bumper
1277,Japanese Breakfast,SASAMI
1278,Japanese Breakfast,Soccer Mommy
1279,Japanese Breakfast,Jay Som
1280,Wande Coal,Olamide
1281,Wande Coal,Fireboy DML
1282,Wande Coal,BNXN
1283,Wande Coal,Kizz Daniel
1284,Wande Coal,Davido
1285,Ava Max,Bebe Rexha
1286,Ava Max,Dua Lipa
1287,Ava Max,Zara Larsson
1288,Ava Max,Kim Petras
1289,Ava Max,Mabel
1290,Lil Nas X,Lil Nas X & Jack Harlow
1291,Lil Nas X,24kGoldn
1292,Lil Nas X,Lizzo
1293,Lil Nas X,Post Malone
1294,Lil Nas X,Yung Gravy
1295,VOILÀ,Connor Kauffman
1296,VOILÀ,Bohnes
1297,VOILÀ,Chrissy Costanza
1298,VOILÀ,Mitchel Dae
1299,VOILÀ,Austin Giorgio
1300,Nala Sinephro,Nubya Garcia
1301,Nala Sinephro,Shabaka
1302,Nala Sinephro,Total Blue
1303,Nala Sinephro,Fuubutsushi
1304,Nala Sinephro,Jeff Parker
1305,Cory Marks,Brantley Gilbert
1306,Cory Marks,Tim Hicks
1307,Cory Marks,Theory of a Deadman
1308,Cory Marks,Bryan Martin
1309,Cory Marks,Emphatic
1310,Ella Fitzgerald,Ella Fitzgerald & Louis Armstrong
1311,Ella Fitzgerald,Sarah Vaughan
1312,Ella Fitzgerald,Billie Holiday
1313,Ella Fitzgerald,Dinah Washington
1314,Ella Fitzgerald,Louis Armstrong
1315,Arrows in Action,Honey Revenge
1316,Arrows in Action,Taylor Acorn
1317,Arrows in Action,Hot Milk
1318,Arrows in Action,Point North
1319,Arrows in Action,The Home Team
1320,melvitto,Ruger
1321,melvitto,Fireboy DML
1322,melvitto,Soundz
1323,melvitto,Oxlade
1324,melvitto,Sarz
1325,Emma-Jean Thackray,Joe Armon-Jones
1326,Emma-Jean Thackray,Theo Croker
1327,Emma-Jean Thackray,Kokoroko
1328,Emma-Jean Thackray,Theon Cross
1329,Emma-Jean Thackray,Yazz Ahmed
1330,Galantis,Sigala
1331,Galantis,Alesso
1332,Galantis,Kygo
1333,Galantis,Gryffin
1334,Galantis,Sam Feldt
1335,Immanuel Wilkins,Joel Ross
1336,Immanuel Wilkins,Ambrose Akinmusire
1337,Immanuel Wilkins,Walter Smith III
1338,Immanuel Wilkins,Out Of/Into
1339,Immanuel Wilkins,Nubya Garcia
1340,Tate McRae,Nessa Barrett
1341,Tate McRae,Sabrina Carpenter
1342,Tate McRae,Gracie Abrams
1343,Tate McRae,Addison Rae
1344,Tate McRae,Madison Beer
1345,Jorja Smith,Mahalia
1346,Jorja Smith,Pip Millett
1347,Jorja Smith,Ama Lou
1348,Jorja Smith,Snoh Aalegra
1349,Jorja Smith,Sabrina Claudio
1350,BADBADNOTGOOD,BADBADNOTGOOD & Ghostface Killah
1351,BADBADNOTGOOD,Yussef Dayes
1352,BADBADNOTGOOD,Alfa Mist
1353,BADBADNOTGOOD,Nubya Garcia
1354,BADBADNOTGOOD,Yussef Kamaal
1355,Jenevieve,Christian Kuria
1356,Jenevieve,Emotional Oranges
1357,Jenevieve,Alina Baraz
1358,Jenevieve,Kyle Dion
1359,Jenevieve,Mahalia
1360,Sons Of Kemet,"Sons Of Kemet, Joshua Idehen"
1361,Sons Of Kemet,The Comet Is Coming
1362,Sons Of Kemet,Shabaka And The Ancestors
1363,Sons Of Kemet,Moses Boyd
1364,Sons Of Kemet,Shabaka
1365,Wet Leg,HAIM
1366,Wet Leg,Fontaines D.C.
1367,Wet Leg,Viagra Boys
1368,Wet Leg,Wolf Alice
1369,Wet Leg,Momma
1370,Floating Points,Four Tet
1371,Floating Points,Joy Orbison
1372,Floating Points,Daniel Avery
1373,Floating Points,Ross From Friends
1374,Floating Points,Leon Vynehall
1375,Hederosgruppen,Axel Mårdsjö
1376,Hederosgruppen,MUSICMUSICMUSIC
1377,Hederosgruppen,Maridalen
1378,Hederosgruppen,Thomas Agergaard
1379,Hederosgruppen,Yes! Trio
1380,Future Islands,Nation of Language
1381,Future Islands,Twin Shadow
1382,Future Islands,Starfucker
1383,Future Islands,TV on the Radio
1384,Future Islands,Broken Bells
1385,Jasleen Royal,Sachin-Jigar
1386,Jasleen Royal,Tanishk Bagchi
1387,Jasleen Royal,Sachet Tandon
1388,Jasleen Royal,Pritam
1389,Jasleen Royal,Vishal Mishra
1390,Pentire,Overpass
1391,Pentire,corella
1392,Pentire,The Clause
1393,Pentire,The K's
1394,Pentire,The Covasettes
1395,James Blake,Jamie xx
1396,James Blake,SBTRKT
1397,James Blake,Mount Kimbie
1398,James Blake,Sampha
1399,James Blake,Jamie Woon
1400,Sophie Nichols,Lisa Livalli
1401,Sophie Nichols,Louie Martin
1402,Sophie Nichols,Stan Stead
1403,Sophie Nichols,Edward France
1404,Sophie Nichols,Elton Willis
1405,Khamari,Elmiene
1406,Khamari,Dylan Sinclair
1407,Khamari,Lucky Daye
1408,Khamari,Givēon
1409,Khamari,Chase Shakur
1410,ENNY,Greentea Peng
1411,ENNY,Rubii
1412,ENNY,Amaria
1413,ENNY,Mahalia
1414,ENNY,Masego
1415,The Uptown Players,Karl-Erik Trio
1416,The Uptown Players,Lia Riggs Trio
1417,The Uptown Players,Jaden Berry
1418,The Uptown Players,North West Trio
1419,The Uptown Players,Gottfried Barber Trio
1420,Peach Pit,The Backseat Lovers
1421,Peach Pit,Hippo Campus
1422,Peach Pit,arlie
1423,Peach Pit,Summer Salt
1424,Peach Pit,Vista Kicks
1425,The Reytons,The Sherlocks
1426,The Reytons,The Snuts
1427,The Reytons,The K's
1428,The Reytons,The Family Rain
1429,The Reytons,corella
1430,The Snuts,The Reytons
1431,The Snuts,The K's
1432,The Snuts,corella
1433,The Snuts,The Lathums
1434,The Snuts,Sea Girls
1435,Ray Royston,Edward France
1436,Ray Royston,Angel Gregoire
1437,Ray Royston,Mannie Goldings
1438,Ray Royston,Lee Bendroth
1439,Ray Royston,Maurillo
1440,Ellie Manne,Bill Walton
1441,Ellie Manne,Dee Burton
1442,Ellie Manne,Elvine Harley
1443,Ellie Manne,Irvin Smith
1444,Ellie Manne,Avery Miller
1445,Inayah,Jayla Darden
1446,Inayah,Bellah
1447,Inayah,Queen Naija
1448,Inayah,Ella Mai
1449,Inayah,Muni Long
1450,Kip Moore,Eric Church
1451,Kip Moore,Randy Houser
1452,Kip Moore,Dierks Bentley
1453,Kip Moore,Justin Moore
1454,Kip Moore,Brantley Gilbert
1455,Mr Jukes,Vulfmon
1456,Mr Jukes,Yazmin Lacey
1457,Mr Jukes,The Olympians
1458,Mr Jukes,Barney Artist
1459,Mr Jukes,Tom Misch
1460,Qendresa,Lynda Dawn
1461,Qendresa,Ojerime
1462,Qendresa,Demae
1463,Qendresa,Ragz Originale
1464,Qendresa,Eliza
1465,Jules Gaia,Betty Booom
1466,Jules Gaia,Black Gryph0n
1467,Jules Gaia,Dreams Shadow
1468,Jules Gaia,Balduin
1469,Jules Gaia,Glenn Gatsby
1470,Dutch Melrose,Ari Abdul
1471,Dutch Melrose,PLVTINUM
1472,Dutch Melrose,Thomas LaRosa
1473,Dutch Melrose,Chase Atlantic
1474,Dutch Melrose,WesGhost
1475,Chubby Checker,Bill Haley
1476,Chubby Checker,Bill Haley & His Comets
1477,Chubby Checker,Eddie Cochran
1478,Chubby Checker,Gene Vincent
1479,Chubby Checker,Ricky Nelson
1480,Russ,Joyner Lucas
1481,Russ,G-Eazy
1482,Russ,Phora
1483,Russ,mike.
1484,Russ,6LACK
1485,Varra,Cro-Magnon
1486,Varra,Minoru Mukaiya
1487,Varra,J.A.M
1488,Varra,Casiopea
1489,Varra,The Funky Knuckles
1490,Jazmine Sullivan,Ari Lennox
1491,Jazmine Sullivan,Fantasia
1492,Jazmine Sullivan,Brandy
1493,Jazmine Sullivan,K. Michelle
1494,Jazmine Sullivan,Teyana Taylor
1495,Bibi Tanga & The Selenites,Gyedu-Blay Ambolley
1496,Bibi Tanga & The Selenites,Manu Dibango
1497,Bibi Tanga & The Selenites,Menahan Street Band
1498,Bibi Tanga & The Selenites,The Souljazz Orchestra
1499,Bibi Tanga & The Selenites,The Budos Band
1500,Stellar,Ryan Mack
1501,Stellar,FIESTAR
1502,Stellar,9MUSES
1503,Stellar,Dal★Shabet
1504,Stellar,BESTie
1505,Fiona Apple,Björk
1506,Fiona Apple,PJ Harvey
1507,Fiona Apple,Kate Bush
1508,Fiona Apple,Tori Amos
1509,Fiona Apple,Mitski
1510,Jessie Reyez,Jessie Reyez & 6LACK
1511,Jessie Reyez,Kehlani
1512,Jessie Reyez,Kiana Ledé
1513,Jessie Reyez,Alessia Cara
1514,Jessie Reyez,Mahalia
1515,bbno$,Yung Gravy
1516,bbno$,Baby Gravy
1517,bbno$,Shotgun Willy
1518,bbno$,"Y2K, bbno$"
1519,bbno$,Y2K
1520,Dean Blunt,Babyfather
1521,Dean Blunt,Hype Williams
1522,Dean Blunt,Dean Blunt and Inga Copeland
1523,Dean Blunt,Mark William Lewis
1524,Dean Blunt,bo khat eternal troof family band
1525,Ultravox,Visage
1526,Ultravox,John Foxx
1527,Ultravox,Midge Ure
1528,Ultravox,Orchestral Manoeuvres in the Dark
1529,Ultravox,The Human League
1530,Pisk,Swingrowers
1531,Pisk,Jamie Berry
1532,Pisk,The Electric Swing Circus
1533,Pisk,annella
1534,Pisk,Bart&Baker
1535,L.A.X,Omah Lay
1536,L.A.X,Adekunle GOLD
1537,L.A.X,Fireboy DML
1538,L.A.X,Asake
1539,L.A.X,1da Banton
1540,Roy Williams,Lost In Blues
1541,Roy Williams,Gary Tunes
1542,Roy Williams,Shen Lab
1543,Roy Williams,eric blues
1544,Roy Williams,Dimitris Loizos
1545,Jon Belle,Eternal Time Trio
1546,Jon Belle,Tim Franks Trio
1547,Jon Belle,Isac Solo Trio
1548,Jon Belle,Meadow Park
1549,Jon Belle,Frank Guardiola
1550,Oliver Tree,Whethan
1551,Oliver Tree,BoyWithUke
1552,Oliver Tree,Dayglow
1553,Oliver Tree,twenty one pilots
1554,Oliver Tree,Easy Life
1555,Jung Kook,"Jung Kook, Jack Harlow"
1556,Jung Kook,V
1557,Jung Kook,"Jung Kook, BTS, FIFA Sound"
1558,Jung Kook,RM
1559,Jung Kook,BTS
1560,Jimmy Heath,Carl Winther Trio
1561,Jimmy Heath,Joe Lovano
1562,Jimmy Heath,JD Allen
1563,Jimmy Heath,Jackie McLean
1564,Jimmy Heath,Gene Ammons
1565,Vince Guaraldi Trio,Vince Guaraldi
1566,Vince Guaraldi Trio,Vince Guaraldi Quintet
1567,Vince Guaraldi Trio,Bing Crosby
1568,Vince Guaraldi Trio,Oscar Peterson
1569,Vince Guaraldi Trio,Bill Evans Trio
1570,James Marriott,Lovejoy
1571,James Marriott,Los Campesinos!
1572,James Marriott,Good Kid
1573,James Marriott,The Royston Club
1574,James Marriott,The Happy Fits
1575,Nessa Barrett,Tate McRae
1576,Nessa Barrett,Madison Beer
1577,Nessa Barrett,Maggie Lindemann
1578,Nessa Barrett,Lexi Jayde
1579,Nessa Barrett,Isabel LaRosa
1580,girl in red,chloe moriondo
1581,girl in red,Conan Gray
1582,girl in red,Cavetown
1583,girl in red,Frances Forever
1584,girl in red,Baby Queen
1585,Gianni Brezzo,Bokoya
1586,Gianni Brezzo,okvsho
1587,Gianni Brezzo,I Am An Instrument
1588,Gianni Brezzo,Move 78
1589,Gianni Brezzo,Robohands
1590,Samara Joy,Cécile McLorin Salvant
1591,Samara Joy,Jazzmeia Horn
1592,Samara Joy,Sarah McKenzie
1593,Samara Joy,Stacey Kent
1594,Samara Joy,Nancy Wilson
1595,Kim Waters,Walter Beasley
1596,Kim Waters,Steve Cole
1597,Kim Waters,Eric Darius
1598,Kim Waters,Gerald Albright
1599,Kim Waters,Pieces Of A Dream
1600,The Who,Pete Townshend
1601,The Who,The Kinks
1602,The Who,The High Numbers
1603,The Who,Roger Daltrey
1604,The Who,The Rolling Stones
1605,Tems,Ayra Starr
1606,Tems,Asake
1607,Tems,Rema
1608,Tems,Victony
1609,Tems,Fireboy DML
1610,Simple Plan,Boys Like Girls
1611,Simple Plan,Good Charlotte
1612,Simple Plan,All Time Low
1613,Simple Plan,The All-American Rejects
1614,Simple Plan,We the Kings
1615,Danny Walgreen,George Alec
1616,Danny Walgreen,Stan Stead
1617,Danny Walgreen,Maurice Font
1618,Danny Walgreen,Bruno Sanders
1619,Danny Walgreen,Brandy Charles
1620,Ozzy Osbourne,Black Sabbath
1621,Ozzy Osbourne,Dio
1622,Ozzy Osbourne,Judas Priest
1623,Ozzy Osbourne,Alice Cooper
1624,Ozzy Osbourne,Motörhead
1625,Ella Mai,Kiana Ledé
1626,Ella Mai,H.E.R.
1627,Ella Mai,Queen Naija
1628,Ella Mai,Kehlani
1629,Ella Mai,Mahalia
1630,Duckwrth,GoldLink
1631,Duckwrth,Aminé
1632,Duckwrth,tobi lou
1633,Duckwrth,bLAck pARty
1634,Duckwrth,Smino
1635,SunPalace,Evans Pyramid
1636,SunPalace,Guy Cuevas
1637,SunPalace,Stephen Encinas
1638,SunPalace,East Coast Love Affair
1639,SunPalace,Christy Essien
1640,The Allergies,Smoove & Turrell
1641,The Allergies,Soopasoul
1642,The Allergies,Lack of Afro
1643,The Allergies,Izo FitzRoy
1644,The Allergies,Timewarp inc.
1645,Emil Brandqvist,Emil Brandqvist Trio
1646,Emil Brandqvist,Thomas Enhco
1647,Emil Brandqvist,Charles Lloyd
1648,Emil Brandqvist,Melissa Aldana
1649,Emil Brandqvist,Magnus Lindgren
1650,Benny Goodman Quartet,Benny Goodman Trio
1651,Benny Goodman Quartet,Benny Goodman and His Orchestra
1652,Benny Goodman Quartet,Glenn Miller
1653,Benny Goodman Quartet,Artie Shaw
1654,Benny Goodman Quartet,Benny Goodman Sextet
1655,Against The Current,Chrissy Costanza
1656,Against The Current,Yours Truly
1657,Against The Current,We Are the In Crowd
1658,Against The Current,Hot Milk
1659,Against The Current,Tonight Alive
1660,Kali Uchis,SZA
1661,Kali Uchis,Doja Cat
1662,Kali Uchis,PinkPantheress
1663,Kali Uchis,Ravyn Lenae
1664,Kali Uchis,Chloe x Halle
1665,Art Hirahara,Tom Harrell
1666,Art Hirahara,Bill Charlap Trio
1667,Art Hirahara,Jeremy Pelt
1668,Art Hirahara,Jacky Terrasson
1669,Art Hirahara,Paolo Fresu
1670,With Confidence,State Champs
1671,With Confidence,Between You & Me
1672,With Confidence,Stand Atlantic
1673,With Confidence,Broadside
1674,With Confidence,Grayscale
1675,Bruno Mars,"Bruno Mars, Anderson .Paak, Silk Sonic"
1676,Bruno Mars,Ne-Yo
1677,Bruno Mars,"Bruno Mars, Anderson .Paak & Silk Sonic"
1678,Bruno Mars,Maroon 5
1679,Bruno Mars,Usher
1680,Matt Dusk,Tom Gaebel
1681,Matt Dusk,Steve Tyrell
1682,Matt Dusk,Swing City
1683,Matt Dusk,Dennis van Aarssen
1684,Matt Dusk,Michael Bublé
1685,Zach Hood,Matt Hansen
1686,Zach Hood,Ashley Kutcher
1687,Zach Hood,Gavn!
1688,Zach Hood,Alex Warren
1689,Zach Hood,Rachel Grae
1690,LEISURE,Neil Frances
1691,LEISURE,Tim Atlas
1692,LEISURE,Poolside
1693,LEISURE,Bay Ledges
1694,LEISURE,Cannons
1695,Clairo,Shelly
1696,Clairo,beabadoobee
1697,Clairo,The Marías
1698,Clairo,Phoebe Bridgers
1699,Clairo,Men I Trust
1700,Hollow Ship,Aunt Cynthia's Cabin
1701,Hollow Ship,Glyders
1702,Hollow Ship,Frankie and the Witch Fingers
1703,Hollow Ship,Psychedelic Porn Crumpets
1704,Hollow Ship,Mount Hush
1705,Inhaler,Sam Fender
1706,Inhaler,Catfish and the Bottlemen
1707,Inhaler,Overpass
1708,Inhaler,Wunderhorse
1709,Inhaler,Blossoms
1710,Bailey Zimmerman,Morgan Wallen
1711,Bailey Zimmerman,Warren Zeiders
1712,Bailey Zimmerman,Jordan Davis
1713,Bailey Zimmerman,Luke Combs
1714,Bailey Zimmerman,Dylan Scott
1715,Arne Torvik Trio,Matt Carmichael
1716,Arne Torvik Trio,Maridalen
1717,Arne Torvik Trio,Thomas Agergaard
1718,Arne Torvik Trio,Thomas Fonnesbæk
1719,Arne Torvik Trio,Will Bonness
1720,DAY6,DAY6 (Even of Day)
1721,DAY6,Young K
1722,DAY6,Sungjin
1723,DAY6,eaJ
1724,DAY6,Xdinary Heroes
1725,Milky Chance,Henry and the Waiter
1726,Milky Chance,Broken Back
1727,Milky Chance,Sir Sly
1728,Milky Chance,alt-J
1729,Milky Chance,Vance Joy
1730,John Rae,Dominik Schürmann trio
1731,John Rae,Jakob Dreyer
1732,John Rae,Marek Konarski
1733,John Rae,Claudio Jr De Rosa
1734,John Rae,Örjan Hultén Orion
1735,James Jackson Jazz Trio,Glass Trio
1736,James Jackson Jazz Trio,Novo Stella
1737,James Jackson Jazz Trio,Charlie James-Walker
1738,James Jackson Jazz Trio,Cole Peers trio
1739,James Jackson Jazz Trio,The Groove Trio
1740,BLACKPINK,JISOO
1741,BLACKPINK,Rosé
1742,BLACKPINK,Jennie
1743,BLACKPINK,Lisa
1744,BLACKPINK,Baby Monster
1745,Slow Pulp,Mia Joy
1746,Slow Pulp,Tanukichan
1747,Slow Pulp,Momma
1748,Slow Pulp,Wednesday
1749,Slow Pulp,feeble little horse
1750,Joy Crookes,Pip Millett
1751,Joy Crookes,Olivia Dean
1752,Joy Crookes,Greentea Peng
1753,Joy Crookes,Jorja Smith
1754,Joy Crookes,Mahalia
1755,JAWNY,Still Woozy
1756,JAWNY,Mickey Darling
1757,JAWNY,Tommy Newport
1758,JAWNY,Yot Club
1759,JAWNY,Dayglow
1760,Holding Absence,Caskets
1761,Holding Absence,Dayseeker
1762,Holding Absence,Thousand Below
1763,Holding Absence,Casey
1764,Holding Absence,The Plot in You
1765,Lee Bendroth,Edward France
1766,Lee Bendroth,Benjamine Hans
1767,Lee Bendroth,Angel Gregoire
1768,Lee Bendroth,Ray Royston
1769,Lee Bendroth,Louie Martin
1770,Gotts Street Park,Pale Jay
1771,Gotts Street Park,Dargz
1772,Gotts Street Park,Yazmin Lacey
1773,Gotts Street Park,VBND
1774,Gotts Street Park,Adi Oasis
1775,Stan Van Outen,George Alec
1776,Stan Van Outen,Stan Stead
1777,Stan Van Outen,Roger Strauss
1778,Stan Van Outen,Steve Devon
1779,Stan Van Outen,Benjamine Hans
1780,The 8-Bit Big Band,insaneintherainmusic
1781,The 8-Bit Big Band,The Consouls
1782,The 8-Bit Big Band,J-MUSIC Ensemble
1783,The 8-Bit Big Band,ImRuscelOfficial
1784,The 8-Bit Big Band,Kristofer Maddigan
1785,Theophilus London,GoldLink
1786,Theophilus London,A$AP Mob
1787,Theophilus London,Jay Electronica
1788,Theophilus London,Raury
1789,Theophilus London,Vic Mensa
1790,KALEO,Welshly Arms
1791,KALEO,Royal Deluxe
1792,KALEO,Black Pistol Fire
1793,KALEO,The Blue Stones
1794,KALEO,Oh The Larceny
1795,Ruhi Erdogan,Tobias Stavngaard
1796,Ruhi Erdogan,Hederosgruppen
1797,Ruhi Erdogan,Arne Torvik Trio
1798,Ruhi Erdogan,Matt Carmichael
1799,Ruhi Erdogan,Rudy Royston
1800,Billie Eilish,FINNEAS
1801,Billie Eilish,Olivia Rodrigo
1802,Billie Eilish,Melanie Martinez
1803,Billie Eilish,Lana Del Rey
1804,Billie Eilish,Chappell Roan
1805,Bring Me The Horizon,Bad Omens
1806,Bring Me The Horizon,The Plot in You
1807,Bring Me The Horizon,Motionless in White
1808,Bring Me The Horizon,Asking Alexandria
1809,Bring Me The Horizon,Architects
1810,Robert Elovsson,Bruno Sanders
1811,Robert Elovsson,George Alec
1812,Robert Elovsson,Danny Walgreen
1813,Robert Elovsson,Angelina Winter
1814,Robert Elovsson,Brandy Charles
1815,Davishmar,"Pink Siifu, Fly Anakin, Fousheé, Crem'e"
1816,Davishmar,SERAPHINE NOIR
1817,Davishmar,Alberto Baldan Bembo
1818,Davishmar,Garoto
1819,Davishmar,Dana and Alden
1820,Ionn Blignault,Chema Peñalver
1821,Ionn Blignault,Gijs Levelt
1822,Ionn Blignault,Gabriele Mirabassi
1823,Ionn Blignault,Chet Baker & Bill Evans
1824,Ionn Blignault,Jason Fabus Trio
1825,Fujii Kaze,imase
1826,Fujii Kaze,Vaundy
1827,Fujii Kaze,Official HIGE DANdism
1828,Fujii Kaze,Gen Hoshino
1829,Fujii Kaze,DurdN
1830,Five Finger Death Punch,Disturbed
1831,Five Finger Death Punch,Godsmack
1832,Five Finger Death Punch,Bad Wolves
1833,Five Finger Death Punch,Stone Sour
1834,Five Finger Death Punch,Hellyeah
1835,Victoria Monét,Chlöe
1836,Victoria Monét,Kehlani
1837,Victoria Monét,Chloe x Halle
1838,Victoria Monét,FLO
1839,Victoria Monét,Normani
1840,ROSÉ,JISOO
1841,ROSÉ,"Rosé, Bruno Mars"
1842,ROSÉ,BLACKPINK
1843,ROSÉ,Jennie
1844,ROSÉ,Lisa
1845,Mark Roswell Trio,Loft Trio
1846,Mark Roswell Trio,Nouveau Jazz Trio
1847,Mark Roswell Trio,The Headliner Trio
1848,Mark Roswell Trio,Jasmine Patterson
1849,Mark Roswell Trio,Pearl Street Trio
1850,Joao Donato,Marcos Valle
1851,Joao Donato,Roberto Menescal E Seu Conjunto
1852,Joao Donato,Antônio Carlos Jobim
1853,Joao Donato,Tamba Trio
1854,Joao Donato,João Gilberto
1855,Doris Day,Perry Como
1856,Doris Day,Jo Stafford
1857,Doris Day,Peggy Lee
1858,Doris Day,Rosemary Clooney
1859,Doris Day,Julie London
1860,Swingrowers,Pisk
1861,Swingrowers,The Electric Swing Circus
1862,Swingrowers,Jamie Berry
1863,Swingrowers,Swing Republic
1864,Swingrowers,Klischée
1865,Maroon 5,OneRepublic
1866,Maroon 5,Adam Levine
1867,Maroon 5,The Script
1868,Maroon 5,DNCE
1869,Maroon 5,Train
1870,Rema,Asake
1871,Rema,Victony
1872,Rema,Wizkid
1873,Rema,Davido
1874,Rema,Omah Lay
1875,Thierry Marchal,Ward Stetson
1876,Thierry Marchal,Hamilton Jones
1877,Thierry Marchal,Ray Royston
1878,Thierry Marchal,Andy Luma
1879,Thierry Marchal,Edward France
1880,The Home Team,Honey Revenge
1881,The Home Team,Broadside
1882,The Home Team,Bilmuri
1883,The Home Team,Arrows in Action
1884,The Home Team,Rain City Drive
1885,Purple Disco Machine,Kungs
1886,Purple Disco Machine,Ofenbach
1887,Purple Disco Machine,Felix Jaehn
1888,Purple Disco Machine,Lost Frequencies
1889,Purple Disco Machine,Robin Schulz
1890,Alexander 23,Jeremy Zucker
1891,Alexander 23,Chelsea Cutler
1892,Alexander 23,JP Saxe
1893,Alexander 23,John K.
1894,Alexander 23,Anson Seabra
1895,Greg Foat,The Greg Foat Group
1896,Greg Foat,Hampshire & Foat
1897,Greg Foat,Chip Wickham
1898,Greg Foat,Gianni Brezzo
1899,Greg Foat,Matthew Halsall
1900,Asiah,Nasri
1901,Asiah,Rotimi
1902,Asiah,Teischa
1903,Asiah,JMSN
1904,Asiah,Travis Garland
1905,The Black Keys,Dan Auerbach
1906,The Black Keys,The Arcs
1907,The Black Keys,Black Pistol Fire
1908,The Black Keys,The Raconteurs
1909,The Black Keys,The Blue Stones
1910,Drew Milner,Jacob Baron
1911,Drew Milner,Elvine Harley
1912,Drew Milner,Angela Rowles
1913,Drew Milner,Avery Miller
1914,Drew Milner,Dee Burton
1915,Awaken I Am,Nerv
1916,Awaken I Am,Caskets
1917,Awaken I Am,Wind Walkers
1918,Awaken I Am,Slaves
1919,Awaken I Am,Normandie
1920,Sabrina Carpenter,Olivia Rodrigo
1921,Sabrina Carpenter,Madison Beer
1922,Sabrina Carpenter,Taylor Swift
1923,Sabrina Carpenter,Ariana Grande
1924,Sabrina Carpenter,Tate McRae
1925,Oscar Peterson Trio,Oscar Peterson
1926,Oscar Peterson Trio,Ben Webster & Oscar Peterson
1927,Oscar Peterson Trio,Bill Evans Trio
1928,Oscar Peterson Trio,McCoy Tyner
1929,Oscar Peterson Trio,Cannonball Adderley
1930,Dave Wave,Jive Me
1931,Dave Wave,The Swing Bot
1932,Dave Wave,Atom Smith
1933,Dave Wave,Mr. Jazzek
1934,Dave Wave,Masha Ray
1935,Jacob De La Rose,Brandy Charles
1936,Jacob De La Rose,Roger Strauss
1937,Jacob De La Rose,George Alec
1938,Jacob De La Rose,Stan Stead
1939,Jacob De La Rose,Angelina Winter
1940,Marshmello,Martin Garrix
1941,Marshmello,The Chainsmokers
1942,Marshmello,Alan Walker
1943,Marshmello,Jonas Blue
1944,Marshmello,DJ Snake
1945,Noname,Saba
1946,Noname,Smino
1947,Noname,Mick Jenkins
1948,Noname,Chance the Rapper
1949,Noname,Isaiah Rashad
1950,Orion Sun,Rayana Jay
1951,Orion Sun,Amaria
1952,Orion Sun,Fousheé
1953,Orion Sun,Chase Shakur
1954,Orion Sun,Raveena
1955,Anne-Marie,Mabel
1956,Anne-Marie,Rita Ora
1957,Anne-Marie,Bebe Rexha
1958,Anne-Marie,Zara Larsson
1959,Anne-Marie,Julia Michaels
1960,Khalid,Bazzi
1961,Khalid,6LACK
1962,Khalid,H.E.R.
1963,Khalid,Kiana Ledé
1964,Khalid,Alina Baraz
1965,Edward France,Ray Royston
1966,Edward France,Angel Gregoire
1967,Edward France,Mannie Goldings
1968,Edward France,Louie Martin
1969,Edward France,Jules Pierre Gardot
1970,Erroll Garner,Art Tatum
1971,Erroll Garner,Oscar Peterson
1972,Erroll Garner,Bud Powell
1973,Erroll Garner,Red Garland
1974,Erroll Garner,Ahmad Jamal
1975,Jungle,Franc Moody
1976,Jungle,Neil Frances
1977,Jungle,Darius
1978,Jungle,Loaded Honey
1979,Jungle,FKJ
1980,Nothing But Thieves,Man-Made Sunshine
1981,Nothing But Thieves,Royal Blood
1982,Nothing But Thieves,Himalayas
1983,Nothing But Thieves,Airways
1984,Nothing But Thieves,Friday Pilots Club
1985,Thundercat,Louis Cole
1986,Thundercat,The Internet
1987,Thundercat,Steve Lacy
1988,Thundercat,Free Nationals
1989,Thundercat,Anderson .Paak
1990,Pearl Jam,Eddie Vedder
1991,Pearl Jam,Temple of the Dog
1992,Pearl Jam,Soundgarden
1993,Pearl Jam,Stone Temple Pilots
1994,Pearl Jam,Chris Cornell
1995,The Swinghoppers,Varrick Frost
1996,The Swinghoppers,Dimaa
1997,The Swinghoppers,Maskarade
1998,The Swinghoppers,Masha Ray
1999,The Swinghoppers,Good Co
2000,Underground Canopy,Snazzback
2001,Underground Canopy,okvsho
2002,Underground Canopy,Jazzbois
2003,Underground Canopy,Move 78
2004,Underground Canopy,I Am An Instrument
2005,Portraits in Jazz,Gathering in Jazz
2006,Portraits in Jazz,Owen Broder
2007,Portraits in Jazz,Karl-Martin Almqvist
2008,Portraits in Jazz,John Engels
2009,Portraits in Jazz,Thomas Sejthen Trio
2010,Nils Petter Molvær,Eivind Aarset
2011,Nils Petter Molvær,Tord Gustavsen Trio
2012,Nils Petter Molvær,Jan Garbarek
2013,Nils Petter Molvær,Bugge Wesseltoft
2014,Nils Petter Molvær,Tord Gustavsen Quartet
2015,Betty Booom,Swingrowers
2016,Betty Booom,Swing Republic
2017,Betty Booom,Jules Gaia
2018,Betty Booom,Bart & Baker
2019,Betty Booom,Dirty Honkers
2020,The French Note,Jeremy Moyer
2021,The French Note,Eric Brace
2022,The French Note,Sidney Bechet/Fernand Bonifay/Maria Bua
2023,The French Note,Camilla Ringquist
2024,The French Note,Gypsy Jazz Caravan
2025,Yadava,Ivan Conti
2026,Yadava,K15
2027,Yadava,Eddie C
2028,Yadava,foshe
2029,Yadava,Gerald Bailey
2030,Roger Strauss,George Alec
2031,Roger Strauss,Angelina Winter
2032,Roger Strauss,Stan Stead
2033,Roger Strauss,Dorothy McKenzie
2034,Roger Strauss,Angus Grove
2035,Rain City Drive,Nerv
2036,Rain City Drive,Dayseeker
2037,Rain City Drive,Wind Walkers
2038,Rain City Drive,Caskets
2039,Rain City Drive,Catch Your Breath
2040,Drake,PARTYNEXTDOOR
2041,Drake,DJ Khaled
2042,Drake,Drake & Future
2043,Drake,Bryson Tiller
2044,Drake,Tory Lanez
2045,Che Ecru,K. Forest
2046,Che Ecru,Artie J
2047,Che Ecru,Nobu Woods
2048,Che Ecru,Chase Shakur
2049,Che Ecru,Roy Woods
2050,Diplo,Jack Ü
2051,Diplo,Yellow Claw
2052,Diplo,Steve Aoki
2053,Diplo,Gryffin
2054,Diplo,The Chainsmokers
2055,Lady Gaga,Ke$ha
2056,Lady Gaga,Miley Cyrus
2057,Lady Gaga,Marina
2058,Lady Gaga,Addison Rae
2059,Lady Gaga,Lorde
2060,Ryo Fukui,Hiroshi Suzuki
2061,Ryo Fukui,Jiro Inagaki and His Soul Media
2062,Ryo Fukui,鈴木 弘
2063,Ryo Fukui,Casiopea
2064,Ryo Fukui,セキトオ・シゲオ
2065,Keanu Bicol,Phoneboy
2066,Keanu Bicol,Good Kid
2067,Keanu Bicol,Andrew Garden
2068,Keanu Bicol,The Rare Occasions
2069,Keanu Bicol,Last Dinosaurs
2070,Old Mervs,The Rions
2071,Old Mervs,Beddy Rays
2072,Old Mervs,The Grogans
2073,Old Mervs,The Terrys
2074,Old Mervs,Spacey Jane
2075,Radiohead,Thom Yorke
2076,Radiohead,Atoms for Peace
2077,Radiohead,Jeff Buckley
2078,Radiohead,The Strokes
2079,Radiohead,Weezer
2080,Joel Corry,Nathan Dawe
2081,Joel Corry,Jax Jones
2082,Joel Corry,Sigala
2083,Joel Corry,Sam Feldt
2084,Joel Corry,Meduza
2085,Lee Brice,Chris Young
2086,Lee Brice,Cole Swindell
2087,Lee Brice,Luke Bryan
2088,Lee Brice,Jason Aldean
2089,Lee Brice,Billy Currington
2090,Lady Blackbird,Lizz Wright
2091,Lady Blackbird,Dominique Fils-Aimé
2092,Lady Blackbird,Kandace Springs
2093,Lady Blackbird,Patricia Barber
2094,Lady Blackbird,José James
2095,Arlo Parks,Olivia Dean
2096,Arlo Parks,Jorja Smith
2097,Arlo Parks,Lianne La Havas
2098,Arlo Parks,Joesef
2099,Arlo Parks,Joy Crookes
2100,Parov Stelar,Parov Stelar Trio
2101,Parov Stelar,Hird
2102,Parov Stelar,Marsmobil
2103,Parov Stelar,Soma Sonic
2104,Parov Stelar,Bobby Hughes Combination
2105,Palaye Royale,YUNGBLUD
2106,Palaye Royale,Andy Black
2107,Palaye Royale,Friday Pilots Club
2108,Palaye Royale,Måneskin
2109,Palaye Royale,DEAD POET SOCIETY
2110,Dirty Loops,Cory Wong & Dirty Loops
2111,Dirty Loops,Cory Wong
2112,Dirty Loops,"Cody Fry, Cory Wong, Dynamo"
2113,Dirty Loops,Larnell Lewis
2114,Dirty Loops,Mark Lettieri
2115,Vistas,Sea Girls
2116,Vistas,The Snuts
2117,Vistas,The Sherlocks
2118,Vistas,corella
2119,Vistas,Sundara Karma
2120,Boozoo Bajou,Soma Sonic
2121,Boozoo Bajou,Marsmobil
2122,Boozoo Bajou,The Funky Lowlives
2123,Boozoo Bajou,The Mighty Bop
2124,Boozoo Bajou,Slow Train Soul
2125,Calvin Harris,David Guetta
2126,Calvin Harris,Swedish House Mafia
2127,Calvin Harris,Zedd
2128,Calvin Harris,Avicii
2129,Calvin Harris,Alesso
2130,Chris Standring,Paul Brown
2131,Chris Standring,Brian Simpson
2132,Chris Standring,Norman Brown
2133,Chris Standring,Nils
2134,Chris Standring,Chuck Loeb
2135,Wyldest,Arliston
2136,Wyldest,Softer Still
2137,Wyldest,Steve Buscemi's Dreamy Eyes
2138,Wyldest,Plastic Mermaids
2139,Wyldest,Few Bits
2140,George Alec,Stan Stead
2141,George Alec,Danny Walgreen
2142,George Alec,Bruno Sanders
2143,George Alec,Louie Martin
2144,George Alec,Alfredo Evans
2145,Paris Texas,Kenny Mason
2146,Paris Texas,Ag Club
2147,Paris Texas,Redveil
2148,Paris Texas,Teezo Touchdown
2149,Paris Texas,Kevin Abstract
2150,mgk,MOD SUN
2151,mgk,Machine Gun Kelly
2152,mgk,Sueco
2153,mgk,Chri$tian Gate$
2154,mgk,The Kid LAROI
2155,Martina DaSilva,Lauren Henderson
2156,Martina DaSilva,Cyrille Aimée
2157,Martina DaSilva,Jazzmeia Horn
2158,Martina DaSilva,Kandace Springs
2159,Martina DaSilva,Christian McBride
2160,A Day To Remember,Silverstein
2161,A Day To Remember,Beartooth
2162,A Day To Remember,We Came as Romans
2163,A Day To Remember,Memphis May Fire
2164,A Day To Remember,Blessthefall
2165,Måneskin,Damiano David
2166,Måneskin,Palaye Royale
2167,Måneskin,Mahmood
2168,Måneskin,The Warning
2169,Måneskin,The Pretty Reckless
2170,Jonny Libonate,Juliano Vidal Band
2171,Jonny Libonate,Ximena & Antonio
2172,Jonny Libonate,Michel Rosa
2173,Jonny Libonate,C. Moreira
2174,Jonny Libonate,Moreno Jazz Band
2175,MICHELLE,Helene Fischer
2176,MICHELLE,Andrea Berg
2177,MICHELLE,Beatrice Egli
2178,MICHELLE,Anna-Maria Zimmermann
2179,MICHELLE,Maite Kelly
2180,Eddie Condon,Tommy Dorsey Orchestra
2181,Eddie Condon,Jack Teagarden
2182,Eddie Condon,Bix Beiderbecke
2183,Eddie Condon,Artie Shaw
2184,Eddie Condon,Gene Austin
2185,Izzy Wise,Milan93
2186,Izzy Wise,Tar Blanche
2187,Izzy Wise,SWEG
2188,Izzy Wise,Juando
2189,Izzy Wise,Half Dead Dave
2190,Trippie Redd,Juice WRLD
2191,Trippie Redd,Lil Uzi Vert
2192,Trippie Redd,Ski Mask the Slump God
2193,Trippie Redd,Lil Skies
2194,Trippie Redd,SoFaygo
2195,LPB Poody,9lokknine
2196,LPB Poody,Dee Watkins
2197,LPB Poody,HotBoii
2198,LPB Poody,Ca$h Out
2199,LPB Poody,BLP KOSHER
2200,VIOLENT VIRA,Amira Elfeky
2201,VIOLENT VIRA,SWEET SPINE
2202,VIOLENT VIRA,Alexis Munroe
2203,VIOLENT VIRA,msliterate
2204,VIOLENT VIRA,Flyleaf
2205,Taylor Swift,Olivia Rodrigo
2206,Taylor Swift,Sabrina Carpenter
2207,Taylor Swift,Gracie Abrams
2208,Taylor Swift,Chappell Roan
2209,Taylor Swift,Lorde
2210,SWIM,Sev
2211,SWIM,Limi
2212,SWIM,Sani Knight
2213,SWIM,Nevertel
2214,SWIM,Dxvn.
2215,Ayra Starr,Fireboy DML
2216,Ayra Starr,Tems
2217,Ayra Starr,Victony
2218,Ayra Starr,Asake
2219,Ayra Starr,Omah Lay
2220,The Neighbourhood,Jesse®
2221,The Neighbourhood,Beach Weather
2222,The Neighbourhood,Arctic Monkeys
2223,The Neighbourhood,sombr
2224,The Neighbourhood,Jaymes Young
2225,Magpie Jazz Trio,Martin Landström
2226,Magpie Jazz Trio,The Blue Green
2227,Magpie Jazz Trio,Most Iverson
2228,Magpie Jazz Trio,The Central Park North
2229,Magpie Jazz Trio,Annie Berenson
2230,Mista Trick,North Base
2231,Mista Trick,IKS Big Band
2232,Mista Trick,Dreams Shadow
2233,Mista Trick,Lyre le temps
2234,Mista Trick,Swing Republic
2235,The Cooltrane Quartet,48th St. Collective
2236,The Cooltrane Quartet,Stella Starlight Trio
2237,The Cooltrane Quartet,Jamie Lancaster
2238,The Cooltrane Quartet,Sarah Menescal
2239,The Cooltrane Quartet,Eve St. Jones
2240,Nevertel,Awaken I Am
2241,Nevertel,ALESTI
2242,Nevertel,Too Close to Touch
2243,Nevertel,From Ashes to New
2244,Nevertel,Normandie
2245,Mary Jane Girls,"Evelyn ""Champagne"" King"
2246,Mary Jane Girls,Midnight Star
2247,Mary Jane Girls,Cherrelle
2248,Mary Jane Girls,Rick James
2249,Mary Jane Girls,Dazz Band
2250,Holborns,Flatland Park
2251,Holborns,Kuipers & Winter
2252,Holborns,The Mill Basin Band
2253,Holborns,Red Brick Lane
2254,Holborns,KTZ Players
2255,TWICE,JIHYO
2256,TWICE,NAYEON
2257,TWICE,TZUYU
2258,TWICE,NMIXX
2259,TWICE,ITZY
2260,Vincent Ingala,Jonathan Fritzén
2261,Vincent Ingala,Jay Soto
2262,Vincent Ingala,Norman Brown
2263,Vincent Ingala,Artur Bayramgalin
2264,Vincent Ingala,Brian Simpson
2265,Melody Gardot,Diana Krall
2266,Melody Gardot,Patricia Barber
2267,Melody Gardot,Cassandra Wilson
2268,Melody Gardot,Madeleine Peyroux
2269,Melody Gardot,Stacey Kent
2270,Hailu Mergia,Gétatchèw Mèkurya
2271,Hailu Mergia,Hailu Mergia and the Walias
2272,Hailu Mergia,Mulatu Astatke
2273,Hailu Mergia,Emahoy Tsege Mariam Gebru
2274,Hailu Mergia,Hailu Mergia & Dahlak Band
2275,THE ANXIETY,Willow
2276,THE ANXIETY,Duquesa
2277,THE ANXIETY,Cage the Elephant
2278,THE ANXIETY,Young the Giant
2279,THE ANXIETY,Arctic Monkeys
2280,Chris Norman,Smokie
2281,Chris Norman,Chris de Burgh
2282,Chris Norman,Chilly
2283,Chris Norman,Secret Service
2284,Chris Norman,F.R. David
2285,Metallica,Megadeth
2286,Metallica,Pantera
2287,Metallica,Slayer
2288,Metallica,Anthrax
2289,Metallica,Iron Maiden
2290,Cory Wong,The Fearless Flyers
2291,Cory Wong,Vulfpeck
2292,Cory Wong,Mark Lettieri
2293,Cory Wong,Vulfmon
2294,Cory Wong,Snarky Puppy
2295,Lithe,arya x
2296,Lithe,Sani Knight
2297,Lithe,Eli Sostre
2298,Lithe,M Huncho
2299,Lithe,Jahkoy
2300,Darci,Skeler
2301,Darci,Anfa Rose
2302,Darci,my!lane
2303,Darci,Skyfall Beats
2304,Darci,LOSTMANE
2305,Clean Bandit,Jonas Blue
2306,Clean Bandit,Sigala
2307,Clean Bandit,The Chainsmokers
2308,Clean Bandit,Jax Jones
2309,Clean Bandit,Calvin Harris
2310,Lost Frequencies,Robin Schulz
2311,Lost Frequencies,Kygo
2312,Lost Frequencies,Sam Feldt
2313,Lost Frequencies,Ofenbach
2314,Lost Frequencies,Felix Jaehn
2315,Lynyrd Skynyrd,Molly Hatchet
2316,Lynyrd Skynyrd,The Marshall Tucker Band
2317,Lynyrd Skynyrd,Blackfoot
2318,Lynyrd Skynyrd,The Allman Brothers Band
2319,Lynyrd Skynyrd,Bad Company
2320,De-Phazz,The Mighty Bop
2321,De-Phazz,Soma Sonic
2322,De-Phazz,Slow Train Soul
2323,De-Phazz,Marsmobil
2324,De-Phazz,The Funky Lowlives
2325,Pink Martini,Youn Sun Nah
2326,Pink Martini,Stacey Kent
2327,Pink Martini,Paris Combo
2328,Pink Martini,Gotan Project
2329,Pink Martini,Laura Fygi
2330,The S.P.Joy,Maskarade
2331,The S.P.Joy,Liel Bar-Z
2332,The S.P.Joy,The Swinghoppers
2333,The S.P.Joy,Gabby Sophia
2334,The S.P.Joy,Jafiki
2335,Shanice Green,Mike Ross
2336,Shanice Green,Lloyd Spiegel
2337,Shanice Green,The Gulls
2338,Shanice Green,Selwyn Birchwood
2339,Shanice Green,Mica Millar
2340,Dutty Moonshine Big Band,Varrick Frost
2341,Dutty Moonshine Big Band,Mr. Jazzek
2342,Dutty Moonshine Big Band,Atom Smith
2343,Dutty Moonshine Big Band,Dutty Moonshine
2344,Dutty Moonshine Big Band,Jenova Collective
2345,Ashe,FINNEAS
2346,Ashe,Maisie Peters
2347,Ashe,Lizzy McAlpine
2348,Ashe,Conan Gray
2349,Ashe,Gracie Abrams
2350,Terrace Martin,Dinner Party
2351,Terrace Martin,Robert Glasper Experiment
2352,Terrace Martin,Kamaal Williams
2353,Terrace Martin,Yussef Dayes
2354,Terrace Martin,Blue Lab Beats
2355,Sam Smith,Adele
2356,Sam Smith,Jessie J
2357,Sam Smith,Calum Scott
2358,Sam Smith,JP Cooper
2359,Sam Smith,James Arthur
2360,Katy Perry,Bebe Rexha
2361,Katy Perry,Dua Lipa
2362,Katy Perry,Ava Max
2363,Katy Perry,Miley Cyrus
2364,Katy Perry,Rihanna
2365,Svaneborg Kardyb,Hvalfugl
2366,Svaneborg Kardyb,Bremer/McCoy
2367,Svaneborg Kardyb,Jasmine Myra
2368,Svaneborg Kardyb,Matthew Halsall
2369,Svaneborg Kardyb,Kessoncoda
2370,Masego,SiR
2371,Masego,Rayana Jay
2372,Masego,Enny
2373,Masego,BLK ODYSSY
2374,Masego,Xavier Omär
2375,Lawson Rollins,Julian Vaughn
2376,Lawson Rollins,Tony Saunders
2377,Lawson Rollins,Skinny Hightower
2378,Lawson Rollins,Lowell Hopper
2379,Lawson Rollins,Threestyle
2380,Alex Isley,Amaria
2381,Alex Isley,Alex Isley & Jack Dine
2382,Alex Isley,Ambré
2383,Alex Isley,Kevin Ross
2384,Alex Isley,Tiana Major9
2385,Dabeull,A-P CONNECTION
2386,Dabeull,Delv!s
2387,Dabeull,Kraak & Smaak
2388,Dabeull,Satin Jackets
2389,Dabeull,Oliver Koletzki & Fran
2390,Tame Impala,Pond
2391,Tame Impala,GUM
2392,Tame Impala,Melody's Echo Chamber
2393,Tame Impala,Temples
2394,Tame Impala,MGMT
2395,Joesef,Two Another
2396,Joesef,Olivia Dean
2397,Joesef,Arlo Parks
2398,Joesef,Jordan Rakei
2399,Joesef,Joy Crookes
2400,Tiësto,Armin van Buuren
2401,Tiësto,Markus Schulz
2402,Tiësto,David Guetta
2403,Tiësto,Paul van Dyk
2404,Tiësto,Alesso
2405,Yung Bleu,Toosii
2406,Yung Bleu,YFN Lucci
2407,Yung Bleu,Rod Wave
2408,Yung Bleu,Fridayy
2409,Yung Bleu,K Camp
2410,Sir Chloe,Destroy Boys
2411,Sir Chloe,Vundabar
2412,Sir Chloe,Mother Mother
2413,Sir Chloe,Solya
2414,Sir Chloe,Mitski
2415,Alina Baraz,Sabrina Claudio
2416,Alina Baraz,Kiana Ledé
2417,Alina Baraz,Jayla Darden
2418,Alina Baraz,Sinéad Harnett
2419,Alina Baraz,Tanerélle
2420,Joji,88rising
2421,Joji,d4vd
2422,Joji,Bryant Barnes
2423,Joji,keshi
2424,Joji,Frank Ocean
2425,Tory Lanez,Bryson Tiller
2426,Tory Lanez,PARTYNEXTDOOR
2427,Tory Lanez,Drake
2428,Tory Lanez,A Boogie wit da Hoodie
2429,Tory Lanez,Don Toliver
2430,Mandevilla,Måns & Dotter
2431,Mandevilla,Eddie Harper
2432,Mandevilla,The Belleville Band
2433,Mandevilla,Bill Parker
2434,Mandevilla,Novo Stella
2435,John Coltrane,Miles Davis
2436,John Coltrane,John Coltrane Quartet
2437,John Coltrane,Wayne Shorter
2438,John Coltrane,McCoy Tyner
2439,John Coltrane,Charles Mingus
2440,Nation of Language,Future Islands
2441,Nation of Language,Dehd
2442,Nation of Language,Pale Blue Eyes
2443,Nation of Language,Working Men's Club
2444,Nation of Language,Cold Cave
2445,I DONT KNOW HOW BUT THEY FOUND ME,The Brobecks
2446,I DONT KNOW HOW BUT THEY FOUND ME,Saint Motel
2447,I DONT KNOW HOW BUT THEY FOUND ME,The Happy Fits
2448,I DONT KNOW HOW BUT THEY FOUND ME,Weathers
2449,I DONT KNOW HOW BUT THEY FOUND ME,The Hoosiers
2450,Kygo,Jonas Blue
2451,Kygo,Lost Frequencies
2452,Kygo,Sam Feldt
2453,Kygo,Mike Perry
2454,Kygo,Gryffin
2455,Sonder,Brent Faiyaz
2456,Sonder,Avenoir
2457,Sonder,Chase Shakur
2458,Sonder,PARTYNEXTDOOR
2459,Sonder,Paperboy Fabe
2460,SPINALL,Adekunle GOLD
2461,SPINALL,Olamide
2462,SPINALL,Fireboy DML
2463,SPINALL,DJ Tunez
2464,SPINALL,Wizkid
2465,The Coral,Ocean Colour Scene
2466,The Coral,Razorlight
2467,The Coral,Paul Weller
2468,The Coral,The Zutons
2469,The Coral,Babyshambles
2470,The Strokes,The Voidz
2471,The Strokes,Julian Casablancas
2472,The Strokes,"Albert Hammond, Jr."
2473,The Strokes,Arctic Monkeys
2474,The Strokes,Cage the Elephant
2475,Lighthouse Lounge Band,Sara Santos
2476,Lighthouse Lounge Band,Xavier Mendoza
2477,Lighthouse Lounge Band,Moreno Jazz Band
2478,Lighthouse Lounge Band,Logan Perez Trio
2479,Lighthouse Lounge Band,Tom Rogers Band
2480,Rag'n'Bone Man,Teddy Swims
2481,Rag'n'Bone Man,Jacob Banks
2482,Rag'n'Bone Man,Lukas Graham
2483,Rag'n'Bone Man,Tom Grennan
2484,Rag'n'Bone Man,Tom Gregory
2485,Gracie Abrams,Alessi Rose
2486,Gracie Abrams,Maisie Peters
2487,Gracie Abrams,Lizzy McAlpine
2488,Gracie Abrams,Lexi Jayde
2489,Gracie Abrams,Taylor Swift
2490,Olivia Dean,Nectar Woode
2491,Olivia Dean,Hajaj
2492,Olivia Dean,Joy Crookes
2493,Olivia Dean,Joesef
2494,Olivia Dean,Eloise
2495,The 1975,Inhaler
2496,The 1975,Bleachers
2497,The 1975,Catfish and the Bottlemen
2498,The 1975,The Band CAMINO
2499,The 1975,Declan McKenna
2500,Chase Atlantic,Riley
2501,Chase Atlantic,Dutch Melrose
2502,Chase Atlantic,The Neighbourhood
2503,Chase Atlantic,Aaryan Shah
2504,Chase Atlantic,keshi
2505,Mezzoforte,Jeff Golub
2506,Mezzoforte,Spyro Gyra
2507,Mezzoforte,Nick Colionne
2508,Mezzoforte,Shakatak
2509,Mezzoforte,Yellowjackets
2510,Nouveau Jazz Trio,Bedford and 7th
2511,Nouveau Jazz Trio,Jasmine Patterson
2512,Nouveau Jazz Trio,Loft Trio
2513,Nouveau Jazz Trio,Charlie Regan Three
2514,Nouveau Jazz Trio,The Headliner Trio
2515,Ramiro Pinheiro,Rodrigo Lessa
2516,Ramiro Pinheiro,LiLi Araujo
2517,Ramiro Pinheiro,Vitto Meirelles
2518,Ramiro Pinheiro,Nelson Latif
2519,Ramiro Pinheiro,Adriana Arias
2520,Don Toliver,Travi$ Scott
2521,Don Toliver,Offset
2522,Don Toliver,Gunna
2523,Don Toliver,Lil Tecca
2524,Don Toliver,Tory Lanez
2525,Conan Gray,Gracie Abrams
2526,Conan Gray,Maisie Peters
2527,Conan Gray,Ricky Montgomery
2528,Conan Gray,girl in red
2529,Conan Gray,Olivia Rodrigo
2530,Hotel Ugly,Ralph Castelli
2531,Hotel Ugly,Zach Templar
2532,Hotel Ugly,kaz moon
2533,Hotel Ugly,Dominic Fike
2534,Hotel Ugly,Feng Suave
2535,Carol Albert,Adam Hawley
2536,Carol Albert,Patrick Bradley
2537,Carol Albert,Kayla Waters
2538,Carol Albert,Brendan Rothwell
2539,Carol Albert,Ragan Whiteside
2540,K/DA,HEARTSTEEL
2541,K/DA,Seraphine
2542,K/DA,MAVE:
2543,K/DA,MOMOLAND
2544,K/DA,(G)I-DLE
2545,Omah Lay,Victony
2546,Omah Lay,Fireboy DML
2547,Omah Lay,Ruger
2548,Omah Lay,Joeboy
2549,Omah Lay,Asake
2550,Agust D,BTS
2551,Agust D,j-hope
2552,Agust D,RM
2553,Agust D,Jin
2554,Agust D,이소라
2555,MARINA,Marina & the Diamonds
2556,MARINA,Lady Gaga
2557,MARINA,Lorde
2558,MARINA,Ke$ha
2559,MARINA,Allie X
2560,Glass Animals,Sir Sly
2561,Glass Animals,Saint Motel
2562,Glass Animals,Max Frost
2563,Glass Animals,Joywave
2564,Glass Animals,half•alive
2565,Caro Emerald,Tape Five
2566,Caro Emerald,Alice Francis
2567,Caro Emerald,Little Violet
2568,Caro Emerald,Swing Republic
2569,Caro Emerald,Earl
2570,Boogie Belgique,Gramatik
2571,Boogie Belgique,Caravan Palace
2572,Boogie Belgique,Kormac
2573,Boogie Belgique,The Geek x Vrv
2574,Boogie Belgique,Smokey Joe & The Kid
2575,Alabaster DePlume,Ben Lamar Gay
2576,Alabaster DePlume,Resavoir
2577,Alabaster DePlume,Makaya McCraven
2578,Alabaster DePlume,Jaimie Branch
2579,Alabaster DePlume,Jeff Parker
2580,Espen Eriksen Trio,Helge Lien Trio
2581,Espen Eriksen Trio,Emil Brandqvist Trio
2582,Espen Eriksen Trio,Espen Eriksen Trio With Andy Sheppard
2583,Espen Eriksen Trio,Tord Gustavsen Trio
2584,Espen Eriksen Trio,Marcin Wasilewski Trio
2585,Cande y Paulo,Nate Najar
2586,Cande y Paulo,Ellen Andersson
2587,Cande y Paulo,Eudald Payés
2588,Cande y Paulo,CotS
2589,Cande y Paulo,Sachal Vasandani
2590,Chloe x Halle,Chlöe
2591,Chloe x Halle,Halle
2592,Chloe x Halle,Victoria Monét
2593,Chloe x Halle,Chloe x Halle & Swae Lee
2594,Chloe x Halle,Normani
2595,Amaarae,Kelela
2596,Amaarae,Tinashe
2597,Amaarae,Bree Runway
2598,Amaarae,Ravyn Lenae
2599,Amaarae,Victoria Monét
2600,OR3O,Jagwar Twin
2601,OR3O,The Correspondents
2602,OR3O,Swingrowers
2603,OR3O,The Electric Swing Circus
2604,OR3O,Jamie Berry
2605,Becky Hill,Ella Henderson
2606,Becky Hill,Jax Jones
2607,Becky Hill,Mabel
2608,Becky Hill,Jess Glynne
2609,Becky Hill,Mimi Webb
2610,Quantic,The Quantic Soul Orchestra
2611,Quantic,Guts
2612,Quantic,Nightmares on Wax
2613,Quantic,TM Juke
2614,Quantic,Kid Loco
2615,The Speakeasies' Swing Band!,The Hot Sardines
2616,The Speakeasies' Swing Band!,Dimie Cat
2617,The Speakeasies' Swing Band!,Big Bad Voodoo Daddy
2618,The Speakeasies' Swing Band!,Cherry Poppin' Daddies
2619,The Speakeasies' Swing Band!,Squirrel Nut Zippers
2620,Brent Faiyaz,Sonder
2621,Brent Faiyaz,Bryson Tiller
2622,Brent Faiyaz,Avenoir
2623,Brent Faiyaz,Paperboy Fabe
2624,Brent Faiyaz,Daniel Caesar
2625,DeJ Loaf,Tk Kravitz
2626,DeJ Loaf,YFN Lucci
2627,DeJ Loaf,Yung Bleu
2628,DeJ Loaf,Rod Wave
2629,DeJ Loaf,Hunxho
2630,MORGAN,Bluvertigo
2631,MORGAN,Afterhours
2632,MORGAN,Verdena
2633,MORGAN,Marlene Kuntz
2634,MORGAN,Dente
2635,Mereba,Ravyn Lenae
2636,Mereba,Hope Tala
2637,Mereba,Nao
2638,Mereba,Cleo Sol
2639,Mereba,Ari Lennox
2640,Moreno Jazz Band,Ximena & Antonio
2641,Moreno Jazz Band,Lighthouse Lounge Band
2642,Moreno Jazz Band,Xavier Mendoza
2643,Moreno Jazz Band,Vitor José Fonseca
2644,Moreno Jazz Band,Tom Rogers Band
2645,Jhené Aiko,Summer Walker
2646,Jhené Aiko,Mariah the Scientist
2647,Jhené Aiko,TWENTY88
2648,Jhené Aiko,Tink
2649,Jhené Aiko,H.E.R.
2650,Tink,Queen Naija
2651,Tink,K. Michelle
2652,Tink,Layton Greene
2653,Tink,Sevyn Streeter
2654,Tink,Jhené Aiko
2655,Louis Dunford,Jamie Webster
2656,Louis Dunford,Jamie T
2657,Louis Dunford,Gerry Cinnamon
2658,Louis Dunford,James Bay
2659,Louis Dunford,Peter Doherty
2660,Charli xcx,Sophie
2661,Charli xcx,Slayyyter
2662,Charli xcx,Addison Rae
2663,Charli xcx,Caroline Polachek
2664,Charli xcx,Sky Ferreira
2665,AC/DC,Airbourne
2666,AC/DC,Motörhead
2667,AC/DC,Kiss
2668,AC/DC,Aerosmith
2669,AC/DC,Def Leppard
2670,Wage War,Fit For A King
2671,Wage War,Memphis May Fire
2672,Wage War,I Prevail
2673,Wage War,Kingdom of Giants
2674,Wage War,Currents
2675,Kamasi Washington,Nubya Garcia
2676,Kamasi Washington,Shabaka
2677,Kamasi Washington,Yussef Dayes
2678,Kamasi Washington,BADBADNOTGOOD
2679,Kamasi Washington,Terrace Martin
2680,David Guetta,Calvin Harris
2681,David Guetta,Robin Schulz
2682,David Guetta,Jax Jones
2683,David Guetta,Tiësto
2684,David Guetta,Martin Garrix
2685,Madeleine Peyroux,Cassandra Wilson
2686,Madeleine Peyroux,Melody Gardot
2687,Madeleine Peyroux,Diana Krall
2688,Madeleine Peyroux,Patricia Barber
2689,Madeleine Peyroux,Stacey Kent
2690,Duponte et Duponte,Fulton Street Players
2691,Duponte et Duponte,Foster Davies
2692,Duponte et Duponte,Trois Amis
2693,Duponte et Duponte,Novo Stella
2694,Duponte et Duponte,Gillian Spencer Trio
2695,julie,xela fella
2696,julie,Her New Knife
2697,julie,Fleshwater
2698,julie,Midrift
2699,julie,They Are Gutting a Body of Water
2700,AronChupa,Little Sis Nora
2701,AronChupa,Aronchupa & Little Sis Nora
2702,AronChupa,Vigiland
2703,AronChupa,Alfons
2704,AronChupa,LUM!X
2705,"Tyler, The Creator",OFWGKTA
2706,"Tyler, The Creator",Kendrick Lamar
2707,"Tyler, The Creator",Earl Sweatshirt
2708,"Tyler, The Creator",Childish Gambino
2709,"Tyler, The Creator",MellowHype
2710,Swing'it,C@ in the H@
2711,Swing'it,Rasmus Thall
2712,Swing'it,Skrellex
2713,Swing'it,Eirik Næss
2714,Swing'it,Jone
2715,Iron Maiden,Bruce Dickinson
2716,Iron Maiden,Judas Priest
2717,Iron Maiden,Dio
2718,Iron Maiden,Black Sabbath
2719,Iron Maiden,Helloween
2720,NO CIGAR,Mako Road
2721,NO CIGAR,Rum Jungle
2722,NO CIGAR,Sticky Fingers
2723,NO CIGAR,Pacific Avenue
2724,NO CIGAR,Ocean Alley
2725,Fireboy DML,Joeboy
2726,Fireboy DML,Victony
2727,Fireboy DML,Kizz Daniel
2728,Fireboy DML,Ruger
2729,Fireboy DML,Adekunle GOLD
2730,Elton John,Billy Joel
2731,Elton John,Rod Stewart
2732,Elton John,Queen
2733,Elton John,Paul McCartney
2734,Elton John,Wings
2735,beabadoobee,Clairo
2736,beabadoobee,The Marías
2737,beabadoobee,Shelly
2738,beabadoobee,Unflirt
2739,beabadoobee,wave to earth
2740,RYUSENKEI,一十三十一
2741,RYUSENKEI,流線形
2742,RYUSENKEI,間宮貴子
2743,RYUSENKEI,Naoko Gushima
2744,RYUSENKEI,Makoto Matsushita
2745,Wilderado,Michigander
2746,Wilderado,Mt. Joy
2747,Wilderado,Windser
2748,Wilderado,Houndmouth
2749,Wilderado,ALEXSUCKS
2750,Sub Urban,Mindless Self Indulgence
2751,Sub Urban,Bella Poarch
2752,Sub Urban,DNMO
2753,Sub Urban,grandson
2754,Sub Urban,Jagwar Twin
2755,Sam Hunt,Thomas Rhett
2756,Sam Hunt,Dustin Lynch
2757,Sam Hunt,Lee Brice
2758,Sam Hunt,Jordan Davis
2759,Sam Hunt,Florida Georgia Line
2760,FAVE,Fireboy DML
2761,FAVE,Victony
2762,FAVE,Khaid
2763,FAVE,Qing Madi
2764,FAVE,BNXN
2765,RØRY,Taylor Acorn
2766,RØRY,Hot Milk
2767,RØRY,Honey Revenge
2768,RØRY,Charlotte Sands
2769,RØRY,Chrissy Costanza
2770,late night drive home,The Rare Occasions
2771,late night drive home,Mind’s Eye
2772,late night drive home,Yot Club
2773,late night drive home,Phoneboy
2774,late night drive home,High Sunn
2775,Dayglow,Coin
2776,Dayglow,Wallows
2777,Dayglow,Hippo Campus
2778,Dayglow,Last Dinosaurs
2779,Dayglow,HUNNY
2780,Sigala,Joel Corry
2781,Sigala,Jonas Blue
2782,Sigala,Jax Jones
2783,Sigala,Sam Feldt
2784,Sigala,Nathan Dawe
2785,Lord Huron,Gregory Alan Isakov
2786,Lord Huron,The Head and the Heart
2787,Lord Huron,The Lumineers
2788,Lord Huron,Caamp
2789,Lord Huron,The Oh Hellos
2790,Pino Palladino,Joshua Redman
2791,Pino Palladino,Avishai Cohen
2792,Pino Palladino,Matthew Halsall
2793,Pino Palladino,Erik Truffaz
2794,Pino Palladino,Brian Bromberg
2795,Letdown.,Lø Spirit
2796,Letdown.,Citizen Soldier
2797,Letdown.,New Medicine
2798,Letdown.,Bohnes
2799,Letdown.,Self Deception
2800,Venna,Yussef Dayes
2801,Venna,okvsho
2802,Venna,Mansur Brown
2803,Venna,Alfa Mist
2804,Venna,Terrace Martin
2805,Jason Derulo,Taio Cruz
2806,Jason Derulo,Jay Sean
2807,Jason Derulo,Iyaz
2808,Jason Derulo,Sean Kingston
2809,Jason Derulo,Sean Paul
2810,The Blue Stones,Black Pistol Fire
2811,The Blue Stones,Royal Blood
2812,The Blue Stones,The Record Company
2813,The Blue Stones,BRKN LOVE
2814,The Blue Stones,Reignwolf
2815,Nirvana,Kurt Cobain
2816,Nirvana,Alice in Chains
2817,Nirvana,The Jins
2818,Nirvana,Meat Puppets
2819,Nirvana,Soundgarden
2820,Adele,Sam Smith
2821,Adele,Beyoncé
2822,Adele,Whitney Houston
2823,Adele,Amy Winehouse
2824,Adele,Daniel Merriweather
2825,SZA,Summer Walker
2826,SZA,Doja Cat
2827,SZA,Kali Uchis
2828,SZA,Doechii
2829,SZA,Victoria Monét
2830,The Offspring,Sum 41
2831,The Offspring,Pennywise
2832,The Offspring,Bad Religion
2833,The Offspring,Rise Against
2834,The Offspring,Green Day
2835,Jordan Rakei,Tom Misch
2836,Jordan Rakei,Oscar Jerome
2837,Jordan Rakei,Charlotte Day Wilson
2838,Jordan Rakei,Aaron Taylor
2839,Jordan Rakei,Moonchild
2840,Kandace Springs,Lizz Wright
2841,Kandace Springs,José James
2842,Kandace Springs,Cassandra Wilson
2843,Kandace Springs,Gregory Porter
2844,Kandace Springs,Patricia Barber
2845,Imagine Dragons,OneRepublic
2846,Imagine Dragons,Bastille
2847,Imagine Dragons,American Authors
2848,Imagine Dragons,X Ambassadors
2849,Imagine Dragons,Coldplay
2850,STR4TA,The Brand New Heavies
2851,STR4TA,Incognito
2852,STR4TA,Jestofunk
2853,STR4TA,Secret Night Gang
2854,STR4TA,Brooklyn Funk Essentials
2855,Jax Jones,Joel Corry
2856,Jax Jones,Sigala
2857,Jax Jones,Nathan Dawe
2858,Jax Jones,Felix Jaehn
2859,Jax Jones,Jonas Blue
2860,YUNGBLUD,Palaye Royale
2861,YUNGBLUD,Hot Milk
2862,YUNGBLUD,Nothing But Thieves
2863,YUNGBLUD,The Hunna
2864,YUNGBLUD,Imagine Dragons
2865,AP Dhillon,Shubh
2866,AP Dhillon,Diljit Dosanjh
2867,AP Dhillon,Karan Aujla
2868,AP Dhillon,Sidhu Moose Wala
2869,AP Dhillon,Parmish Verma
2870,Skeete,Amaria BB
2871,Skeete,Dexta Daps
2872,Skeete,Shenseea
2873,Skeete,Vybz Kartel
2874,Skeete,Popcaan
2875,IDLES,Shame
2876,IDLES,Fontaines D.C.
2877,IDLES,Viagra Boys
2878,IDLES,HEAVY LUNGS
2879,IDLES,Soft Play
2880,The Sweetgreens,Brandon's Three
2881,The Sweetgreens,Hudson Harris & Haim
2882,The Sweetgreens,Magpie Jazz Trio
2883,The Sweetgreens,Meadow Park
2884,The Sweetgreens,Three Four Trio
2885,Tony Bennett,Tony Bennett & Lady Gaga
2886,Tony Bennett,Nat King Cole
2887,Tony Bennett,Bing Crosby
2888,Tony Bennett,"Harry Connick, Jr."
2889,Tony Bennett,Mel Tormé
2890,THE TAKE VIBE E.P.,Moon Hooch
2891,THE TAKE VIBE E.P.,The Sorcerers
2892,THE TAKE VIBE E.P.,Paolo Di Sabatino
2893,THE TAKE VIBE E.P.,Lightmyfire Orchestra Service
2894,THE TAKE VIBE E.P.,Вадим Эйленкриг
2895,St Germain,Llorca
2896,St Germain,Tosca
2897,St Germain,Mo' Horizons
2898,St Germain,Dzihan & Kamien
2899,St Germain,Jazzanova
2900,Lucky Daye,Arin Ray
2901,Lucky Daye,SiR
2902,Lucky Daye,Victoria Monét
2903,Lucky Daye,Ambré
2904,Lucky Daye,Kehlani
2905,Kyle Sparkman,Telula
2906,Kyle Sparkman,Los Elk
2907,Kyle Sparkman,Cissy Street
2908,Kyle Sparkman,Ryan Scott
2909,Kyle Sparkman,Isaac Jones
2910,Daniel Di Angelo,Jordyne
2911,Daniel Di Angelo,N i g h t s
2912,Daniel Di Angelo,Thomas LaRosa
2913,Daniel Di Angelo,Psylosia
2914,Daniel Di Angelo,Nico Collins
2915,The Chats,Stiff Richards
2916,The Chats,Amyl and the Sniffers
2917,The Chats,Aborted Tortoise
2918,The Chats,Teen Mortgage
2919,The Chats,Drunk Mums
2920,Beach Bunny,chloe moriondo
2921,Beach Bunny,Frances Forever
2922,Beach Bunny,The Beths
2923,Beach Bunny,mxmtoon
2924,Beach Bunny,Sir Chloe
2925,Little Violet,Alice Francis
2926,Little Violet,Swing Republic
2927,Little Violet,Tape Five
2928,Little Violet,The Electric Swing Circus
2929,Little Violet,Caro Emerald
2930,Omar,Ledisi
2931,Omar,Eric Roberson
2932,Omar,Angie Stone
2933,Omar,Rahsaan Patterson
2934,Omar,Amel Larrieux
2935,AJR,The Astronomers
2936,AJR,BoyWithUke
2937,AJR,American Authors
2938,AJR,Em Beihold
2939,AJR,lovelytheband
2940,Blxst,Kalan.FrFr
2941,Blxst,Bino Rideaux
2942,Blxst,Mustard
2943,Blxst,Bryson Tiller
2944,Blxst,Yung Bleu
2945,Move 78,Underground Canopy
2946,Move 78,Gianni Brezzo
2947,Move 78,Bokoya
2948,Move 78,Greg Spero
2949,Move 78,Godtet
2950,Remi Wolf,BENEE
2951,Remi Wolf,MUNA
2952,Remi Wolf,Hemlocke Springs
2953,Remi Wolf,Maggie Rogers
2954,Remi Wolf,Maude Latour
2955,New Constellations,Cannons
2956,New Constellations,Still Corners
2957,New Constellations,Two People
2958,New Constellations,Tokyo Tea Room
2959,New Constellations,Yumi Zouma
2960,flipturn,Briston Maroney
2961,flipturn,The Backseat Lovers
2962,flipturn,Vista Kicks
2963,flipturn,Arcy Drive
2964,flipturn,Hippo Campus
2965,Ed Sheeran,Lewis Capaldi
2966,Ed Sheeran,Shawn Mendes
2967,Ed Sheeran,James Arthur
2968,Ed Sheeran,Calum Scott
2969,Ed Sheeran,James Bay
2970,Sasha Keable,kwn
2971,Sasha Keable,Elmiene
2972,Sasha Keable,Wesleyfranklin
2973,Sasha Keable,Shae Universe
2974,Sasha Keable,Mack Keane
2975,Duran Duran,Arcadia
2976,Duran Duran,The Power Station
2977,Duran Duran,Kajagoogoo
2978,Duran Duran,Japan
2979,Duran Duran,Spandau Ballet
2980,Eyedress,TV Girl
2981,Eyedress,Mac DeMarco
2982,Eyedress,paulie leparik
2983,Eyedress,late night drive home
2984,Eyedress,Lloyd Vaan
2985,COIN,Bad Suns
2986,COIN,Hippo Campus
2987,COIN,Dayglow
2988,COIN,HUNNY
2989,COIN,lovelytheband
2990,Tom Morello,grandson
2991,Tom Morello,Band of Skulls
2992,Tom Morello,Des Rocs
2993,Tom Morello,YONAKA
2994,Tom Morello,Barns Courtney
2995,Grace Carey,Elvine Harley
2996,Grace Carey,Avery Miller
2997,Grace Carey,Jacob Baron
2998,Grace Carey,Drew Milner
2999,Grace Carey,Madeleine West
3000,Shakatak,Mezzoforte
3001,Shakatak,Spyro Gyra
3002,Shakatak,Al Jarreau
3003,Shakatak,Jeff Lorber
3004,Shakatak,Four80East
3005,LAUREL,Kita Alexander
3006,LAUREL,Millie Turner
3007,LAUREL,Rae Morris
3008,LAUREL,TransViolet
3009,LAUREL,Pixey
3010,24kGoldn,iann dior
3011,24kGoldn,Bankrol Hayden
3012,24kGoldn,Arizona Zervas
3013,24kGoldn,Lil Mosey
3014,24kGoldn,The Kid LAROI
3015,Deftones,Team Sleep
3016,Deftones,Korn
3017,Deftones,Fleshwater
3018,Deftones,Slipknot
3019,Deftones,Loathe
3020,Daniel Caesar,Brent Faiyaz
3021,Daniel Caesar,Bruno Major
3022,Daniel Caesar,Sonder
3023,Daniel Caesar,Arthur Nery
3024,Daniel Caesar,Frank Ocean
3025,Friday Pilots Club,WHALES•TALK
3026,Friday Pilots Club,Himalayas
3027,Friday Pilots Club,Airways
3028,Friday Pilots Club,Betcha
3029,Friday Pilots Club,The Wrecks
3030,Dijon,Mk.gee
3031,Dijon,Abhi//Dijon
3032,Dijon,Choker
3033,Dijon,Boylife
3034,Dijon,zack villere
3035,Johnathan Blake,Keyon Harrold
3036,Johnathan Blake,Walter Smith III
3037,Johnathan Blake,Joel Ross
3038,Johnathan Blake,Ashley Henry
3039,Johnathan Blake,Ambrose Akinmusire
3040,Wallows,Dayglow
3041,Wallows,Inhaler
3042,Wallows,Coin
3043,Wallows,Declan McKenna
3044,Wallows,HUNNY
3045,Magdalena Bay,Caroline Polachek
3046,Magdalena Bay,Charli xcx
3047,Magdalena Bay,Kero Kero Bonito
3048,Magdalena Bay,yeule
3049,Magdalena Bay,Japanese Breakfast
3050,Briston Maroney,The Backseat Lovers
3051,Briston Maroney,Flipturn
3052,Briston Maroney,Rainbow Kitten Surprise
3053,Briston Maroney,Arcy Drive
3054,Briston Maroney,Joe P
3055,Citizen Soldier,Lø Spirit
3056,Citizen Soldier,Letdown.
3057,Citizen Soldier,Smash Into Pieces
3058,Citizen Soldier,Self Deception
3059,Citizen Soldier,Written by Wolves
3060,Yung Gravy,bbno$
3061,Yung Gravy,Baby Gravy
3062,Yung Gravy,Shotgun Willy
3063,Yung Gravy,Billy Marchiafava
3064,Yung Gravy,Yung Gravy & bbno$
3065,Laufey,natalie jinju
3066,Laufey,"beabadoobee, Laufey"
3067,Laufey,小野リサ
3068,Laufey,Lamp
3069,Laufey,Stacey Ryan
3070,Kokoroko,Joe Armon-Jones
3071,Kokoroko,Ezra Collective
3072,Kokoroko,Yussef Dayes
3073,Kokoroko,Yussef Kamaal
3074,Kokoroko,Nubiyan Twist
3075,Solence,Dead by April
3076,Solence,CyHra
3077,Solence,Defences
3078,Solence,Ember Falls
3079,Solence,boi what
3080,Greta Van Fleet,Dirty Honey
3081,Greta Van Fleet,Rival Sons
3082,Greta Van Fleet,Goodbye June
3083,Greta Van Fleet,Crown Lands
3084,Greta Van Fleet,Wolfmother
3085,Baptiste Herbin,Zela Margossian Quintet
3086,Baptiste Herbin,Hornheads
3087,Baptiste Herbin,Elliot Deutsch
3088,Baptiste Herbin,Wycliffe Gordon
3089,Baptiste Herbin,Marc Hemmeler
3090,Chris Stapleton,The SteelDrivers
3091,Chris Stapleton,Tyler Childers
3092,Chris Stapleton,Luke Combs
3093,Chris Stapleton,Cody Johnson
3094,Chris Stapleton,Zach Bryan
3095,Saint Motel,The Happy Fits
3096,Saint Motel,I DONT KNOW HOW BUT THEY FOUND ME
3097,Saint Motel,The Unlikely Candidates
3098,Saint Motel,Max Frost
3099,Saint Motel,Sir Sly
