,artist,genre,song_name,release_year,id_song
0,Charli xcx,pop,party 4 u,2020,2RdEC8Ff83WkX7kDVCHseE
1,Joel Corry,pop,Head & Heart (feat. MNEK),2020,6cx06DFPPHchuUAcTxznu9
2,Ava Max,pop,Kings & Queens,2020,7a53HqqArd4b9NF4XAmlbI
3,Ava Max,pop,Sweet but Psycho,2020,7DnAm9FOTWE3cUvso43HhI
4,Dua Lipa,pop,Don't Start Now,2020,3PfIrDoz19wz7qK7tYeu62
5,Dua Lipa,pop,Levitating (feat. DaBaby),2020,5nujrmhLynf4yMoMtj8AQF
6,Olivia Dean,pop,Echo,2020,1Gy9Ofi7nPnNf3kGWPjurm
7,SAULT,pop,Wildfires,2020,4Tzw9IdZbVyzmpWrvsGaNX
8,The Weeknd,pop,Save Your Tears (Remix) (with Ariana Grande) - Bonus Track,2020,1oFAF1hdPOickyHgbuRjyX
9,Kygo,pop,Higher Love,2020,1kKYjjfNYxE0YYgLa7vgVY
10,Wizkid,pop,Essence (feat. Tems),2020,5FG7Tl93LdH117jEKYl3Cm
11,VOILÀ,pop,Figure You Out,2020,2bFGGsScXp2Tu10jKMCKO6
12,YUNGBLUD,pop,parents,2020,5v4OkFH0TJ6W1hCFxyn0px
13,Dua Lipa,pop,Physical,2020,3AzjcOeAmA57TIOr9zF1ZW
14,THE ANXIETY,pop,Meet Me At Our Spot,2020,07MDkzWARZaLEdKxo6yArG
15,Ariana Grande,pop,positions,2020,35mvY5S1H3J2QZyna3TFe0
16,Lady Gaga,pop,Rain On Me (with Ariana Grande),2020,7ju97lgwC2rKQ6wwsf9no9
17,Dua Lipa,pop,Love Again,2020,4rPkN1FMzQyFNP9cLUGIIB
18,BTS,pop,Dynamite,2020,5QDLhrAOJJdNAmCTJ8xMyW
19,Magdalena Bay,pop,Killshot,2020,0LJTfmgOMvlLd0u4HU9twm
20,Conan Gray,pop,Maniac,2020,6KfoDhO4XUWSbnyKjNp9c4
21,Stray Kids,pop,God’s Menu,2020,4XPXrcpyNr30Km6aPiflJy
22,mgk,pop,my ex's best friend (with blackbear),2020,7kDUspsoYfLkWnZR7qwHZl
23,JAWNY,pop,Honeypie,2020,6FfLg6FFqhCsrFOaHIGkg0
24,BLACKPINK,pop,How You Like That,2020,4SFknyjLcyTLJFPKD2m96o
25,Dua Lipa,pop,Break My Heart,2020,017PF4Q3l4DBUiWoXk4OWT
26,Forest Blakk,pop,If You Love Her,2020,727Z2S2mtNH46CbP9EWPwY
27,Ellie Goulding,pop,Lights,2020,0LRCcpSgeozipxPpRg5wzx
28,Ava Max,pop,My Head & My Heart,2020,1KixkQVDUHggZMU9dUobgm
29,Joel Corry,pop,Lonely,2020,2ZEq4HT450Ye9IFGPTl9qV
30,Miley Cyrus,pop,Midnight Sky,2020,4i2qxFEVVUi8yOYoxB8TCX
31,Beach Bunny,pop,Cloud 9,2020,3ZgkHyoKfNMcHTXC0X1qQj
32,Katy Perry,pop,Harleys In Hawaii,2020,3B4etxytImrRKQgV3XHjnR
33,Jung Kook,pop,Still With You,2020,0eFMbKCRw8KByXyWBw8WO7
34,Ariana Grande,pop,34+35,2020,6Im9k8u9iIzKMrmV7BWtlF
35,Black Eyed Peas,pop,GIRL LIKE ME,2020,1zLBsSVxETQOfINOLYvT5m
36,mgk,pop,forget me too (feat. Halsey),2020,1VSuFS7PahCN3SWbOcQ98m
37,Jonasu,pop,Black Magic,2020,7zx1i0jGcFwMBurajgKlO7
38,Diplo,pop,Heartless (feat. Morgan Wallen),2020,3FU6urUVsgXa6RBuV2PdRk
39,The Weeknd,pop,In Your Eyes,2020,7szuecWAPwGoV1e5vGu8tl
40,mgk,pop,bloody valentine,2020,6mADjHs6FXdroPzEGW6KVJ
41,Halsey,pop,You should be sad,2020,7lidXGPXPYLNThITAOTlkK
42,Regard,pop,Secrets,2020,66W1rVTnEv86dIkFhoiElg
43,Miley Cyrus,pop,Prisoner (feat. Dua Lipa),2020,2Oycxb8QbPkpHTo8ZrmG0B
44,Dua Lipa,pop,Hallucinate,2020,1nYeVF5vIBxMxfPoL0SIWg
45,Shane Codd,pop,Get Out My Head,2020,055Mme9ReKK99jRFA5UJ55
46,Sam Hunt,pop,Body Like A Back Road,2020,7FpBQ067pHB67deawpbbcY
47,BLACKPINK,pop,Pretty Savage,2020,1XnpzbOGptRwfJhZgLbmSr
48,BLACKPINK,pop,Lovesick Girls,2020,4Ws314Ylb27BVsvlZOy30C
49,Dean Blunt,pop,9,2020,5JXtkWtuqS8Dm8sKbtPGWa
50,Ariana Grande,pop,motive (with Doja Cat),2020,5GkQIP5mWPi4KZLLXeuFTT
51,Cigarettes After Sex,pop,You're All I Want,2020,2cTvZSCqzjkTMkIypLxUFH
52,All Time Low,pop,Monsters (feat. blackbear),2020,0tyR7Bu9P086aWBFZ4QJoo
53,YUNGBLUD,pop,acting like that (feat. Machine Gun Kelly),2020,1Pv3rDsjRl98xEQC56p8A0
54,Lady Gaga,pop,Rain On Me (with Ariana Grande),2020,24ySl2hOPGCDcxBxFIqWBu
55,Ariana Grande,pop,pov,2020,3UoULw70kMsiVXxW0L3A33
56,Fujii Kaze,pop,Shinunoga E-Wa,2020,0o9zmvc5f3EFApU52PPIyW
57,Billie Eilish,pop,Therefore I Am,2020,54bFM56PmE4YLRnqpW6Tha
58,Selena Gomez,pop,People You Know,2020,63mdJr3NMY3wReOkNE6c6W
59,Biig Piig,pop,Feels Right,2020,0BWBqb5XxraObLopqskk6D
60,Little Mix,pop,Sweet Melody,2020,76Tuo484SLohJakHLnGI3B
61,Lewis Capaldi,pop,Before You Go - Guitar Acoustic,2020,27829SWtwhWUANViVTEpol
62,Sigala,pop,Lasting Lover,2020,0DmAvNCAK08oCi7miSZUIY
63,Ed Sheeran,pop,Afterglow,2020,0E4Y1XIbs8GrAT1YqVy6dq
64,Lee Brice,pop,One Of Them Girls,2020,6uyiyatWPCqC59Mm4rO8xL
65,Olivia Dean,pop,What Am I Gonna Do On Sundays?,2020,0WttB2xYS66VopJmwD1UzF
66,Stray Kids,pop,Back Door,2020,0XuepwFJUcKN8T5zTqoP0F
67,Wande Coal,pop,Again,2020,6qk3jI8bKCgURI3h0d8zBZ
68,Olivia Dean,pop,Crosswords,2020,094OGVJzllUzmdLvA31GqU
69,Clean Bandit,pop,Tick Tock (feat. 24kGoldn),2020,27u7t9d7ZQoyjsCROHuZJ3
70,Billie Eilish,pop,my future,2020,2ygvZOXrIeVL4xZmAWJT2C
71,Alexander 23,pop,IDK You Yet,2020,0j1Ia2lQWrcXrQZI4AdJlk
72,Tate McRae,pop,stupid,2020,0gIxF0RR0miqWLs2fPQGBu
73,Conan Gray,pop,Wish You Were Sober,2020,0kn2gu8Pd03DiYHzRvX2Xk
74,Forest Blakk,pop,Fall Into Me,2020,5AWVGdsk88fcsrssrAdyEN
75,Sir Chloe,pop,Michelle,2020,6XrTwqp0vMc2Z3m4ttoyRe
76,Shawn Mendes,pop,Wonder,2020,6ZuahEctZD6w75peme58hm
77,Zoe Wees,pop,Control,2020,50Td3qilgs8BLtv8mHyT1t
78,Remi Wolf,pop,Disco Man,2020,0T7aTl1t15HKHfwep4nANV
79,Katy Perry,pop,Never Really Over,2020,1IIV8jglA0klVZy17q665k
80,YUNGBLUD,pop,cotton candy,2020,5lVZiDONIcGowIOetTZ4ps
81,ENHYPEN,pop,Given-Taken,2020,69WpV0U7OMNFGyq8I63dcC
82,Lady Gaga,pop,Stupid Love,2020,7yBbV2k2S2uhaQc24NF2xt
83,K/DA,pop,VILLAIN,2020,3QSjVPObHxuAJc3E5nrjRn
84,Ariana Grande,pop,safety net (feat. Ty Dolla $ign),2020,14gkWVFMwdxBMyqBw1wmIg
85,mgk,pop,drunk face,2020,3k0YJnqMKRZb8swo86vCkq
86,YUNGBLUD,pop,mars,2020,6C6aknFp2XtjIq7xuvyfuY
87,Fiona Apple,pop,I Want You To Love Me,2020,73SBAGI4fPFm4VkB3NjXq8
88,melvitto,pop,Trouble,2020,5yplb3035SZqG3E6TArvGK
89,The 1975,pop,Me & You Together Song,2020,6SrvijeageGUiFu9iCDdmM
90,Shawn Mendes,pop,Wonder,2020,5KCbr5ndeby4y4ggthdiAb
91,mgk,pop,body bag (feat. YUNGBLUD & Bert McCracken of The Used),2020,0NZrY7Lc9g6V03hxRpfToV
92,Black Eyed Peas,pop,RITMO (Bad Boys For Life),2020,5NyS3oxTlos3Agl2YtZwrC
93,AP Dhillon,pop,Excuses,2020,29m79w9xPMH4YCD6r8JSmV
94,TWICE,pop,I CAN'T STOP ME,2020,37ZtpRBkHcaq6hHy0X98zn
95,Tiësto,pop,Ritual,2020,0FEk8LwY8h4rAR63ggfhV0
96,Miley Cyrus,pop,Edge of Midnight (Midnight Sky Remix) (feat. Stevie Nicks),2020,1Tip6R4swhC7E6hgILBjrE
97,Charli xcx,pop,claws,2020,7Dexi5Z2IowCkHrnzlWysc
98,Dua Lipa,pop,Levitating (feat. DaBaby),2020,463CkQjx2Zk1yXoBuierM9
99,Oracle Sisters,pop,Asc. Scorpio,2020,2MnSPY2QYMbtkDWGzY02In
100,Khalid,pop,Know Your Worth (feat. Davido & Tems),2020,04QTmCTsaVjcGaoxj8rSjE
101,Omah Lay,pop,Godly,2020,6NgjdJrK7Bpyvsm8yDtx4H
102,RAYE,pop,Regardless,2020,3DTqHfTGj1c6y2gDXsTez4
103,Sam Smith,pop,How Do You Sleep?,2020,34pRqzRiFcIuyRMuuEayzY
104,Grimes,pop,4ÆM,2020,4keclC0eBhQm8lFtYmX01K
105,Joji,pop,Sanctuary,2020,4VQH4VluDUOsOuDxccTeyN
106,LAUREL,pop,Scream Drive Faster,2020,4hEpfRem37hLFT8ldr78Mx
107,Keith Urban,pop,One Too Many,2020,5NUXE8W12lWcUXgJRCjeEw
108,L.A.X,pop,Sempe,2020,7AbLGIOzFkx6jHq5en5xiH
109,Jax Jones,pop,i miss u (with Au/Ra),2020,7CH8J4ulT49UfZwSDSkSZA
110,Loona,pop,Vamos a la Playa,2020,2Tk5B1h58lJRsrivGg1jaE
111,twocolors,pop,Lovefool,2020,51Of5p3lKZeOg6itfs4og4
112,Hot Mulligan,pop,*Equip Sunglasses*,2020,427OHPoIWqO3SsFw77EkDf
113,Wizkid,pop,Blessed (feat. Damian Marley),2020,3QO1m6i0nsrp8aOnapvbkx
114,BTS,pop,Life Goes On,2020,5FVbvttjEvQ8r2BgUcJgNg
115,Dua Lipa,pop,Pretty Please,2020,6DXZiYUbrYgrVIhfX3U9Z2
116,SAULT,pop,Son Shine,2020,2Ohu1ERZnAuaCzi7N5ngRK
117,Glass Animals,pop,Tangerine,2020,40rOlDoGejXXF4B0BYsjx8
118,Keith Urban,pop,One Too Many,2020,3X7H1FAiWAW937WvsFeMhe
119,All Time Low,pop,Monsters (feat. Demi Lovato and blackbear),2020,50DMJJpAeQv4fIpxZvQz2e
120,YUNGBLUD,pop,"god save me, but don't drown me out",2020,0iVSLUaLzYPi1vDFTkjZhb
121,Ariana Grande,pop,nasty,2020,0sci7ppTZFm4mjcH3nu8yO
122,Glass Animals,pop,Your Love (Déjà Vu),2020,0bx6v84HtmEYFRBAOvDTgk
123,Tiwa Savage,pop,Koroba,2020,18t2ofQiViidZHxOBVjpD1
124,Joji,pop,Gimme Love,2020,0eF8TYM3rYzdS26URcs4U6
125,BTS,pop,ON,2020,0fZRNhPJ4AGmwY7rkpdbqK
126,Lee Brice,pop,One Of Them Girls,2020,14GwnOeC9qYEKEA6uOZepa
127,Agust D,pop,Daechwita,2020,0JKGe340YJwfDrpXqPQ8sw
128,Ellie Goulding,pop,Close To Me,2020,2GjMaJ7DacMIkgoe8oMXGg
129,Stray Kids,pop,District 9,2020,430IfeGHWJxnZOkhBYACt9
130,K/DA,pop,MORE,2020,6juLaduD4STCUDWT0AYun4
131,Nea,pop,Some Say - Felix Jaehn Remix,2020,7C1trmcQQ5n5RNy4l6ziCv
132,Wizkid,pop,True Love (feat. Tay Iwar & Projexx),2020,4204hwPYuToiuSunPFUoML
133,Ariana Grande,pop,just like magic,2020,7Dx9Z6Aon1qPS2N0rHSWTe
134,Catching Flies,pop,Satisfied (Ambient Reprise),2020,2k5SEAK05D29ZkqbnFgIVL
135,Zara Larsson,pop,WOW (feat. Sabrina Carpenter) - Remix,2020,5WokFKscrfGEGGLPTu3jgO
136,Sam Smith,pop,Diamonds,2020,1hJIbOjWpid6LtnozHmzRS
137,BTS,pop,Black Swan,2020,2EmcTFQ1rM11wp2ztsXTHa
138,SPINALL,pop,Sere,2020,35056uy2b4M1qJ3Z1ed3sf
139,Wallows,pop,OK,2020,0APAKxMXB7jdDs4kw1l30y
140,Theophilus London,pop,Only You,2020,2rDwETmcGw4ZqbuXvLQmDL
141,Frances Forever,pop,space girl,2020,7FjIYiD53wxlQmzTT6Wdpf
142,mgk,pop,kiss kiss,2020,69LvvkHnFFnX3d5eNObtMo
143,Teddy Swims,pop,Broke (feat. Thomas Rhett),2020,1etcoCl2mkHpMHkMVco8iz
144,Charli xcx,pop,anthems,2020,2ljvO8ZpKFMT3HXwCjW4Yw
145,Lady Gaga,pop,Sour Candy (with BLACKPINK),2020,1IWNylpZ477gIVUDpJL66u
146,Miley Cyrus,pop,Plastic Hearts,2020,6qCsKKS7Ol63SJW3LOIX5R
147,Stray Kids,pop,My Pace,2020,4yJUQqcnYkDafFzguSbZAl
148,ITZY,pop,WANNABE,2020,4pspYVQGFHLPEFgQPD1J7e
149,Yung Gravy,pop,oops!,2020,7L6G0wpIUiPXuvoo7qhb06
150,Olivia Rodrigo,pop,good 4 u,2021,4ZtFanR9U6ndgddUvNcjcG
151,Olivia Rodrigo,pop,deja vu,2021,6HU7h9RYOaPRFeh0R3UeAr
152,Doja Cat,pop,Kiss Me More (feat. SZA),2021,3DarAbFujv6eYNliUTyqtz
153,Olivia Rodrigo,pop,"jealousy, jealousy",2021,0MMyJUC3WNnFS1lit5pTjk
154,Cafuné,pop,Tek It,2021,751srcHf5tUqcEa9pRCQwP
155,Adele,pop,Easy On Me,2021,46IZ0fSY2mpAiktS3KOqds
156,Taylor Swift,pop,You Belong With Me (Taylor’s Version),2021,1qrpoAMXodY6895hGKoUpA
157,Elton John,pop,Cold Heart - PNAU Remix,2021,6JIC3hbC28JZKZ8AlAqX8h
158,Gracie Abrams,pop,Mess It Up,2021,0PLhwCmQ7cC3ThRGPn3HxF
159,Elton John,pop,Cold Heart - PNAU Remix,2021,6zSpb8dQRaw0M1dK8PBwQz
160,PinkPantheress,pop,I Must Apologise,2021,2rrq3SGYxk90xLx5fMmPhZ
161,Olivia Rodrigo,pop,brutal,2021,6SRsiMl7w1USE4mFqrOhHC
162,Eyedress,pop,Something About You,2021,6RiiSy9GzSwiyDEJDiMuKe
163,Billie Eilish,pop,NDA,2021,38GBNKZUhfBkk3oNlWzRYd
164,Lost Frequencies,pop,Where Are You Now,2021,3uUuGVFu1V7jTQL60S1r8z
165,Doja Cat,pop,Woman,2021,6Uj1ctrBOjOas8xZXGqKk4
166,Olivia Rodrigo,pop,enough for you,2021,2TOzTqQXNmR2zDJXihjZ2e
167,Majestic,pop,Rasputin,2021,0b18g3G5spr4ZCkz7Y6Q0Q
168,Adele,pop,I Drink Wine,2021,6v0UJD4a2FtleHeSYVX02A
169,Riton,pop,Friday (feat. Mufasa & Hypeman) - Dopamine Re-Edit,2021,4cG7HUWYHBV6R6tHn1gxrl
170,Adele,pop,Easy On Me,2021,0gplL1WMoJ6iYaPgMCL0gX
171,Duran Duran,pop,INVISIBLE,2021,51EpFns3CG9taCMQz6XDom
172,The Weeknd,pop,Save Your Tears (with Ariana Grande) (Remix),2021,37BZB0z9T8Xu7U3e65qxFy
173,Taylor Swift,pop,Red (Taylor's Version),2021,4OAuvHryIVv4kMDNSLuPt6
174,Joel Corry,pop,BED,2021,0siYMEsGrzzzlWLXK5zJfS
175,bbno$,pop,edamame,2021,1golLrmqyxDWedF7YUHCOD
176,Joel Corry,pop,OUT OUT (feat. Charli XCX & Saweetie),2021,6Dy1jexKYriXAVG6evyUTJ
177,Marshmello,pop,Leave Before You Love Me (with Jonas Brothers),2021,4qu63nuBpdn0qHUHuObEj1
178,Billie Eilish,pop,Therefore I Am,2021,20R4HfKloPKgXDqU7UKk3x
179,Coldplay,pop,My Universe,2021,46HNZY1i7O6jwTA7Slo2PI
180,Doja Cat,pop,Need to Know,2021,3Vi5XqYrmQgOYBajMWSvCi
181,Gracie Abrams,pop,Feels Like,2021,35IcAVSMsU9qzHfpPbvC8A
182,Jungle,pop,Keep Moving,2021,4rf0IVQDFjr27T4sgah5Pf
183,LEISURE,pop,Slipping Away,2021,07AbRgKmb5KfppwtZbZqDI
184,Billie Eilish,pop,Oxytocin,2021,4t2OeILB07eMGTXSUbMPEu
185,EKKSTACY,pop,i walk this earth all by myself,2021,6oofvZ4K8vBHnCT1oKERcd
186,OneRepublic,pop,Run,2021,6KL88T4Ma4ABXqzgUoEwkd
187,Clairo,pop,Amoeba,2021,0HAqq2GcQKyi3s87GuN7jU
188,Taylor Swift,pop,Fearless (Taylor’s Version),2021,77sMIMlNaSURUAXq5coCxE
189,Taylor Swift,pop,We Are Never Ever Getting Back Together (Taylor's Version),2021,5YqltLsjdqFtvqE7Nrysvs
190,Lil Nas X,pop,THATS WHAT I WANT,2021,0e8nrvls4Qqv5Rfa2UhqmO
191,Coldplay,pop,My Universe,2021,3FeVmId7tL5YN8B7R3imoM
192,Taylor Swift,pop,The Way I Loved You (Taylor’s Version),2021,22bPsP2jCgbLUvh82U0Z3M
193,Olivia Dean,pop,Be My Own Boyfriend,2021,0DXZHcAQAkXx8YlMIdzqgG
194,Galantis,pop,Heartbreak Anthem (with David Guetta & Little Mix),2021,5K6Ssv4Z3zRvxt0P6EKUAP
195,Ashe,pop,Till Forever Falls Apart,2021,4x5YzxjrF9wvIIXJV7TveC
196,Taylor Swift,pop,22 (Taylor's Version),2021,3yII7UwgLF6K5zW3xad3MP
197,ENHYPEN,pop,Drunk-Dazed,2021,1wcr8DjnN59Awev8nnKpQ4
198,Taylor Swift,pop,Wildest Dreams (Taylor's Version),2021,1Ov37jtRQ2YNAe8HzfczkL
199,Adele,pop,Oh My God,2021,3Kkjo3cT83cw09VJyrLNwX
200,Doja Cat,pop,You Right,2021,0k4d5YPDr1r7FX77VdqWez
201,Billie Eilish,pop,my future,2021,3YUMWmx8EJq0DurfuIwoGh
202,Taylor Swift,pop,I Knew You Were Trouble (Taylor's Version),2021,6AtZLIzUINvExIUy4QhdjP
203,Billie Eilish,pop,Lost Cause,2021,4191RXFPa7Ge9XkA4cWlna
204,JP Saxe,pop,If the World Was Ending (feat. Julia Michaels),2021,4bp5G6x1SXMQW4X9DbCCCp
205,Fireboy DML,pop,Peru,2021,4hJhHbkhZFnxmWbAkZRoe0
206,Olivia Dean,pop,Float,2021,031T6v4JIcPlkbzOrpzOnv
207,Lana Del Rey,pop,Living Legend,2021,6pZ9Nj3vzj1RW4ZkR9GcQ9
208,Maroon 5,pop,Beautiful Mistakes (feat. Megan Thee Stallion),2021,5zFglKYiknIxks8geR8rcL
209,Olivia Dean,pop,Cross My Mind,2021,6TKMXuPoDlPZYEkpS5CMB7
210,Elton John,pop,Hold Me Closer,2021,5TJEBoTCDbJXiKMdCN9pd3
211,Japanese Breakfast,pop,Be Sweet,2021,0dpyzcT3RMNNSd2xKBf35I
212,Becky Hill,pop,Last Time - Acoustic,2021,54u4wxyfvWnAIdSs0HIvsm
213,Joy Crookes,pop,When You Were Mine,2021,3zSwFE91EdwhEwS6vnJohB
214,Durand Jones & The Indications,pop,Witchoo,2021,6W9rbkBueZQrwuzO24GHZ2
215,Tiësto,pop,The Motto,2021,18asYwWugKjjsihZ0YvRxO
216,beabadoobee,pop,Cologne,2021,1NaDK3atogQEn9glK5fYuy
217,NEIKED,pop,Better Days (NEIKED x Mae Muller x Polo G),2021,6f5ExP43esnvdKPddwKXJH
218,Billie Eilish,pop,Not My Responsibility,2021,4T2zre0jqstNJ5Gt0WG9lz
219,Ed Sheeran,pop,Overpass Graffiti,2021,4btFHqumCO31GksfuBLLv3
220,Calvin Harris,pop,By Your Side (feat. Tom Grennan),2021,0vR2rIVORmgeKiGIgNT0fV
221,ENHYPEN,pop,FEVER,2021,0UzymivvUH5s8z4PeWZJaK
222,Billie Eilish,pop,GOLDWING,2021,0FfqyjhB6Kspvit1oOo7ax
223,Regard,pop,You,2021,2cc8Sw1OnCuA5bV8nqWqpE
224,Zara Larsson,pop,Ruin My Life,2021,4nyY8oVjbX2d4qzlpiVM5n
225,Rag'n'Bone Man,pop,Anywhere Away from Here (Rag’n’Bone Man & P!nk),2021,5gjATWO1EIhrCP1CQ2GWg8
226,Stray Kids,pop,Thunderous,2021,0nwTMzpatarzvLvtwwzdCt
227,Taylor Swift,pop,Mr. Perfectly Fine (Taylor’s Version) (From The Vault),2021,2CYVETnhM9aytqrazYYwrK
228,LISA,pop,MONEY,2021,7hU3IHwjX150XLoTVmjD0q
229,Doja Cat,pop,Been Like This,2021,7y3xU9vEC1s8DSuuoSYKih
230,Billie Eilish,pop,OverHeated,2021,5uSG6fUPRaehaV820zcpsK
231,Stray Kids,pop,"Red Lights (Bang Chan, Hyunjin)",2021,0LatE4S9UtCDwIdGQsFFKL
232,Remi Wolf,pop,Photo ID (with Dominic Fike),2021,1F35Dmog9pekyCVnH1eQpl
233,Taylor Swift,pop,Message In A Bottle (Taylor's Version) (From The Vault),2021,3z6XUommYDWPHeFhmhhT6j
234,P!nk,pop,Cover Me In Sunshine,2021,6Tio0ZoDeSQnI7EBAqWer2
235,Mimi Webb,pop,Good Without,2021,0xqHkO5570zlGpLpCnd4MG
236,Purple Disco Machine,pop,Hypnotized,2021,7HxWZggiHyGWT9ZSmWzcxu
237,Taylor Swift,pop,The Very First Night (Taylor's Version) (From The Vault),2021,6pYNq0ZwpPVazKzsqpf0G8
238,David Guetta,pop,If You Really Love Me (How Will I Know),2021,5TnF44IQRsopRNa63BEyFd
239,Tate McRae,pop,rubberband,2021,2E8IlL26PwtZq7CqAHBBUw
240,OneRepublic,pop,Rescue Me,2021,37LNNQNbL1YLyutBG6aWRx
241,TWICE,pop,The Feels,2021,308Ir17KlNdlrbVLHWhlLe
242,Twenty One Pilots,pop,Shy Away,2021,2nG54Y4a3sH9YpfxMolOyi
243,AP Dhillon,pop,Insane,2021,3UhmuWcFaLS3AO3kI9ynQ2
244,Bruno Mars,pop,Skate,2021,7jvCeWOSnJs2N3spqobWnO
245,Stray Kids,pop,DOMINO,2021,6Ib6RkvLBMD85bov85apSL
246,Clean Bandit,pop,Drive (feat. Wes Nelson),2021,6eCmK3GQyFuTNWCJHsaF9d
247,New Constellations,pop,Hot Blooded,2021,1ElySIlHwm1HX7sUjAZZnp
248,Ed Sheeran,pop,2step,2021,2SUxn2O9NHL6GHGQFgwCY0
249,Dua Lipa,pop,We're Good,2021,1diS6nkxMQc3wwC4G1j0bh
250,Dua Lipa,pop,We're Good,2021,1diS6nkxMQc3wwC4G1j0bh
251,Jasleen Royal,pop,"Ranjha (From ""Shershaah"")",2021,72zHuDxFQTjbL51qJQSA7j
252,Dayglow,pop,Close To You,2021,50PyquzZ9BaBwLZZd1AuuV
253,late night drive home,pop,Stress Relief,2021,7xLfmCx9jcZNgzlIK7NupN
254,OneRepublic,pop,Run,2021,2UbVnbE5FH6008mAm6Mmgw
255,P!nk,pop,Cover Me In Sunshine,2021,0UKUfxIkDAMZz7hMdiVX3m
256,Whitney Houston,pop,How Will I Know,2021,79wbJeLkXOlJh4AzaWCWfL
257,Teddy Swims,pop,Simple Things,2021,3qTnncgYlMT0k0Z0prgUgD
258,Thomas Rhett,pop,What’s Your Country Song,2021,4oR2cCQGs0Yt0Mgr2diV6V
259,Sabrina Carpenter,pop,Skin,2021,03B2SfXuvDh1m9F4tqrX07
260,Benson Boone,pop,Ghost Town,2021,135Lf4Q0CzlMNfOxbEUsLH
261,Taylor Swift,pop,Mr. Perfectly Fine (Taylor’s Version) (From The Vault),2021,7l2tmgUhV7Y2aJHjiszifg
262,LPB Poody,pop,Batman,2021,1xMvdOFQaql3EBkHmuh2TK
263,Joel Corry,pop,I Wish (feat. Mabel),2021,0YORgvqP1MotwCnDZzOwII
264,Rag'n'Bone Man,pop,All You Ever Wanted,2021,7nX1m12HTyIyiATwrcHCUh
265,girl in red,pop,midnight love,2021,32XaqPVTVkkuOiOPQZ3SpA
266,Olivia Rodrigo,pop,good 4 u,2021,6P4d1NWBCNIYZjzF9k1mVN
267,ROSÉ,pop,On The Ground,2021,2pn8dNVSpYnAtlKFC8Q0DJ
268,Adele,pop,Can I Get It,2021,6w8ZPYdnGajyfPddTWdthN
269,Adele,pop,My Little Love,2021,2DuPBbS5mIldXnh7Wum8Cy
270,Nessa Barrett,pop,la di die (feat. Jaden Hossler),2021,3RLshk3cDQOqWhSIRCVaXL
271,Ashe,pop,Till Forever Falls Apart,2021,2769RhOZs0ezRncRW1vryp
272,Anne-Marie,pop,Kiss My (Uh Oh),2021,0MWiSBKm8Avs8iDIxcertp
273,Taylor Swift,pop,22 (Taylor's Version),2021,2T9WeqSMJJb8YBDHPYGU4p
274,Ayra Starr,pop,Bloody Samaritan,2021,1OoPhcM78evXIxjmSzCnmf
275,Wizkid,pop,Mood (feat. BNXN),2021,6jdTkoEaer7XNGSblczoSu
276,Simple Plan,pop,What's New Scooby-Doo?,2021,6DD5beNG6Ji3AYp5WrYnwD
277,Jason Derulo,pop,Acapulco,2021,3eJH2nAjvNXdmPfBkALiPZ
278,Yebba,pop,Far Away (feat. A$AP Rocky),2021,14qNHvX8h6HoynFuV0RxWS
279,Tom Grennan,pop,Don't Break the Heart,2021,4tS2pyUXiaTjHK7vCBomyF
280,Alesso,pop,When I’m Gone (with Katy Perry),2021,5902W4uHWzhtOff1UK7the
281,LISA,pop,LALISA,2021,7uQZVznj0uQOGC9KhV2Mg6
282,Mimi Webb,pop,Good Without,2021,15OCqNPYoLziEAsbVnqRj5
283,The Marías,pop,Hush,2021,4zXZ5Mq2L6jnsOsTssgRh8
284,Rema,pop,Soundgasm,2021,5c549LWiKCWGvcDsZwMN6v
285,Lorde,pop,The Path,2021,7JqqIi2ktnsNkYdQhKSCrz
286,Hotel Ugly,pop,Stevie Doesn't Wonder,2021,7BgyWwbbybJr2IbQoI1gzH
287,Post Malone,pop,One Right Now (with The Weeknd),2021,00Blm7zeNqgYLPtW6zg8cj
288,Stellar,pop,El Dorado,2021,3p94RpSxQdZocUfrzpemmm
289,BTS,pop,Permission to Dance,2021,3XYRV7ZSHqIRDG87DKTtry
290,MARINA,pop,Ancient Dreams in a Modern Land,2021,1R1ihosU2CSEaSw8e5ZF6E
291,Billie Eilish,pop,Oxytocin,2021,0UJAH9v2PmS7sBcuBquprR
292,FAVE,pop,Baby Riddim,2021,77eZIuMTB9HrQ86L4ljqEX
293,Rema,pop,Soundgasm,2021,6NcSi0HjkHbnH038uVg8OV
294,Q,pop,Take Me Where Your Heart Is,2021,1RJl5cZ8kFpoVFOS2x6scI
295,ROSÉ,pop,Gone,2021,2dHoVW9AxJVSRebPRyV2aA
296,Stray Kids,pop,CHEESE,2021,7qpSatdWQcRHA3hpedL2u4
297,Ed Sheeran,pop,Shivers - Ofenbach Remix,2021,1eGlStOBtFJ6Oc4hhN5tUR
298,P!nk,pop,All I Know So Far,2021,4LmN3eU1R1vVEdKuDELpGk
299,Tate McRae,pop,slower,2021,4X3Br7EVc8oy44zUwU1z5w
300,Ozzy Osbourne,rock,Crazy Train,2020,7ACxUo21jtTHzy7ZEV56vU
301,Tame Impala,rock,Borderline,2020,5hM5arv9KDbCHS0k9uqwjr
302,The Strokes,rock,The Adults Are Talking,2020,5ruzrDWcT0vuJIOMW7gMnW
303,VOILÀ,rock,Figure You Out,2020,2bFGGsScXp2Tu10jKMCKO6
304,YUNGBLUD,rock,parents,2020,5v4OkFH0TJ6W1hCFxyn0px
305,Tame Impala,rock,Is It True,2020,6RZmhpvukfyeSURhf4kZ0d
306,mgk,rock,my ex's best friend (with blackbear),2020,7kDUspsoYfLkWnZR7qwHZl
307,The Strokes,rock,Selfless,2020,2t0wwvR15fc3K1ey8OiOaN
308,The Black Keys,rock,Howlin' for You,2020,4yffABDkB5A9flvr9vQFck
309,Tame Impala,rock,One More Hour,2020,0mO6oS60RST2sWmN2FKknP
310,Will Paquin,rock,Chandelier,2020,4ENgK9ehJ9PxxrjY2iEH1j
311,mgk,rock,forget me too (feat. Halsey),2020,1VSuFS7PahCN3SWbOcQ98m
312,mgk,rock,bloody valentine,2020,6mADjHs6FXdroPzEGW6KVJ
313,Tame Impala,rock,Lost In Yesterday,2020,5JWPUEov2wlX7c0jhYZpeB
314,Bombay Bicycle Club,rock,"Eat, Sleep, Wake (Nothing But You)",2020,3nClCcBmn9NnrRQkQTkx1J
315,All Time Low,rock,Monsters (feat. blackbear),2020,0tyR7Bu9P086aWBFZ4QJoo
316,YUNGBLUD,rock,acting like that (feat. Machine Gun Kelly),2020,1Pv3rDsjRl98xEQC56p8A0
317,Biig Piig,rock,Feels Right,2020,0BWBqb5XxraObLopqskk6D
318,Bring Me The Horizon,rock,Parasite Eve,2020,36xBFaVGjqm7le8CTHytUj
319,Bring Me The Horizon,rock,Obey (with YUNGBLUD),2020,6MD6xpFK4cfquxRqXxqwjq
320,Bring Me The Horizon,rock,Teardrops,2020,3WATWS2Ywo5HeHtG0bE2iZ
321,Phoebe Bridgers,rock,Kyoto,2020,4vjvx7Zxkb4AltGcZ0BBvI
322,Khruangbin,rock,Time (You and I),2020,0S3BtG3i5tkQmehJhIhHF3
323,Tame Impala,rock,Breathe Deeper,2020,3LbZIhU0smEU5SUnxod4j4
324,Bring Me The Horizon,rock,1x1 (feat. Nova Twins),2020,6sIbv1oWOuma2qV907MUbk
325,The Strokes,rock,Ode To The Mets,2020,1BLOVHYYlH4JUHQGcpt75R
326,The Black Keys,rock,Tighten Up,2020,3C542UknrX76XSRXTyQ1Qg
327,Khruangbin,rock,So We Won't Forget,2020,4HpFU6eMThgW6Cael5AwYy
328,YUNGBLUD,rock,cotton candy,2020,5lVZiDONIcGowIOetTZ4ps
329,Panchiko,rock,All They Wanted,2020,28Ymf40EoJ6776juQZNPoY
330,YUNGBLUD,rock,mars,2020,6C6aknFp2XtjIq7xuvyfuY
331,The 1975,rock,Me & You Together Song,2020,6SrvijeageGUiFu9iCDdmM
332,mgk,rock,body bag (feat. YUNGBLUD & Bert McCracken of The Used),2020,0NZrY7Lc9g6V03hxRpfToV
333,Khruangbin,rock,Midnight,2020,7pnVHbcqbmP7LA1ey3ydvu
334,Loathe,rock,Is It Really You?,2020,4OmlsAT8r4q9vPFBvfYgyZ
335,Briston Maroney,rock,Freakin' Out On the Interstate,2020,0awZwmlC6pxH65KTZpadmX
336,Five Finger Death Punch,rock,A Little Bit Off,2020,6GqqGv8frU7kqzXkm2rewI
337,The Neighbourhood,rock,Stargazing,2020,0VF7YLIxSQKyNiFL3X6MmN
338,All Time Low,rock,Monsters (feat. Demi Lovato and blackbear),2020,50DMJJpAeQv4fIpxZvQz2e
339,YUNGBLUD,rock,"god save me, but don't drown me out",2020,0iVSLUaLzYPi1vDFTkjZhb
340,Chubby Checker,rock,The Twist,2020,4YCnTYbq3oL1Lqpyxg33CU
341,The Strokes,rock,Why Are Sundays So Depressing,2020,1aOxOpH4AkGAd8OMrKjyNY
342,The Neighbourhood,rock,Devil's Advocate,2020,4XfI7M5gLwEY84gYiH4RDD
343,Wallows,rock,OK,2020,0APAKxMXB7jdDs4kw1l30y
344,YUNGBLUD,rock,strawberry lipstick,2020,75ELnvpSiymLZVmYvqyvZJ
345,Deftones,rock,Ohms,2020,0h6vLT1rLneoc5I4sOxvB1
346,Rain City Drive,rock,Talk to a Friend,2020,6nqCVzh5uUc85E0Kctky9r
347,Jake Bugg,rock,All I Need,2020,3aMyQSDW0DJ7LTOkrd29hU
348,Hollow Ship,rock,Magic Mountain,2020,1gExMyY0hcnLisq9OJRabP
349,Chris Stapleton,rock,Arkansas,2020,0NdEdsXS9jbX1hnufawZ0z
350,AC/DC,rock,Shot In The Dark,2020,0sfdiwck2xr4PteGOdyOfz
351,The Strokes,rock,Brooklyn Bridge To Chorus,2020,2mDYYGaGd9uXKkK2YhDA3i
352,The Strokes,rock,Bad Decisions,2020,55N8cxpE1QDoeaaNqUnoZ2
353,Ultravox,rock,Vienna,2020,2LXjhNee4iPRVemx9NSZQ3
354,The Neighbourhood,rock,Cherry Flavoured,2020,40iocOzytrqaRn5RbGPDNp
355,Deftones,rock,Genesis,2020,6FfMQVzOC46ZL5byOQfUhT
356,Bring Me The Horizon,rock,Obey (with YUNGBLUD),2020,7fQox8Ere1HDm0jhSnsFHu
357,julie,rock,flutter,2020,5Pjvp4iXfHQRI9FfsFqbcA
358,The 1975,rock,The Birthday Party,2020,3wFPsw1WQJevCFoKpoLyTF
359,The 1975,rock,Tonight (I Wish I Was Your Boy),2020,7DmTaJoM7L020qm3egqNsM
360,Loathe,rock,Two-Way Mirror,2020,0b4TKuvZ4eJ8eHgJgXaCnN
361,grandson,rock,Dirty,2020,3pShTDa5E1bPBkrc1mxxGY
362,Tame Impala,rock,Posthumous Forgiveness,2020,1KcOU0q9AMXV9xi4tSzzCc
363,Tame Impala,rock,One More Year,2020,5ozqshq2dtU7SYCpCBu0NE
364,Beach Bunny,rock,Good Girls (Don’t Get Used),2020,2FnrUcdLWId0F13GT32ugT
365,Bring Me The Horizon,rock,Ludens,2020,4xWirulal0kGikFE3WSU75
366,Sun Room,rock,Sol Del Sur,2020,61EuOHKJepAeaXUTGUqfH4
367,Bring Me The Horizon,rock,Parasite Eve,2020,5OxclJsdFESni44YlpNpkR
368,Ozzy Osbourne,rock,Ordinary Man (feat. Elton John),2020,7CR5qGZ2eJwYrFQ8UmHuaR
369,Elvis Costello & The Attractions,rock,Oliver's Army,2020,4Zz1ctRTK04dytKiFuavBX
370,Ozzy Osbourne,rock,Ordinary Man (feat. Elton John),2020,6eEYGGFfFbtKHCgJM4uh9v
371,Somebody's Child,rock,Hold Me Like You Wanna - EP Version,2020,03NZVD1aXJsyl3uMYo5jHF
372,Khruangbin,rock,Summer Madness - Exclusive Cover Version,2020,5FpOcTfCOpPovAxnYcwrKQ
373,Nation of Language,rock,The Wall & I,2020,5qIOUorQ9AInP9UliORgCC
374,The Black Keys,rock,Everlasting Light,2020,50ruR1ueH4wroJBpJOnjQS
375,Cory Marks,rock,Outlaws & Outsiders,2020,2C2ExKriHRkD9qNilogjXn
376,Peach Pit,rock,Shampoo Bottles,2020,2INUkDPCO1eQlOFmIN5VAC
377,The Strokes,rock,Eternal Summer,2020,6IRzBP4gVoV4D2zHmocoWy
378,24kGoldn,rock,CITY OF ANGELS - YUNGBLUD Remix,2020,1MvNmc92AefUHhlup17uJ2
379,Deftones,rock,Ceremony,2020,2X5SHv5ubRTNIgMxxCPYdo
380,Ed Sheeran,rock,Bad Habits (feat. Bring Me The Horizon),2020,2tsM4FRW70JW2xtGc3oZqZ
381,flipturn,rock,Glistening,2020,3FRJFImdfX5NSY3QH3jI4u
382,Awaken I Am,rock,Roses,2020,7kX56S5T5acyvFmEWwDait
383,YUNGBLUD,rock,love song,2020,0DZr4tVoYT3rUJzm9w15Lg
384,YUNGBLUD,rock,weird!,2020,1OAkkP5JGtwDZbsE6dg988
385,Oliver Tree,rock,Hurt,2020,6Ph8QwsRfZunN5e1GGBIqa
386,Bring Me The Horizon,rock,One Day The Only Butterflies Left Will Be In Your Chest As You March Towards Your Death (feat. Amy Lee),2020,20Kau1BL5IUaPo4l488D57
387,YUNGBLUD,rock,teresa,2020,49c3mHgaXxXKnYgNojzo1O
388,The Beefs,rock,Red Bellied Black Snake,2020,6CjeXQnmTjcxmiTQISW9Qu
389,Good Kid,rock,Aloe Lite,2020,0TpJF2IIk9idRMJuSSXMLh
390,Bring Me The Horizon,rock,Teardrops,2020,3aniWcwiiYKHpm3F5TdeKD
391,Future Islands,rock,For Sure,2020,7EtMa8eHEOfvh1ANRHQ9uh
392,Vistas,rock,Stranger,2020,6rpmHPyW3hakVFHQyzQpjj
393,beabadoobee,rock,Worth It,2020,3r1qdSsvJEwiMKHeCWapMM
394,Ozzy Osbourne,rock,Under the Graveyard,2020,0LagWpYHMaQjbCeAIoOKVg
395,Loathe,rock,A Sad Cartoon,2020,2fyDWKsx5904KnZMGllmAv
396,Poppy,rock,All The Things She Said,2020,0wH55ChKuoZkmGhbIYtOI4
397,Pearl Jam,rock,Black - Live MTV Unplugged,2020,3xIaUb1WsnrqbJo6CsJMLO
398,Tame Impala,rock,It Might Be Time,2020,558ubozatFQlweufvHa3Ip
399,Palaye Royale,rock,Little Bastards,2020,6STnrl2lapbsGzEkqHZ5Rn
400,Tame Impala,rock,Instant Destiny,2020,6WCXBUFa0z3l9DoOY3k5Xe
401,COIN,rock,Crash My Car,2020,5SN3mwuodiwY3jPejBuUD5
402,The Strokes,rock,Not The Same Anymore,2020,5ncofiedz9Ej6YkvvXMKVn
403,Holding Absence,rock,Gravity,2020,1s1G7P7dp7M5v8Jo4ZikMT
404,Khruangbin,rock,Connaissais de Face,2020,0ibpvxLcFccvQJd0SjdUvW
405,The Strokes,rock,At The Door,2020,7lu6YLrlB1MU7HW8DJSuPa
406,Yves Tumor,rock,Kerosene!,2020,2OoKzfr7RB5o9cxHArUoIS
407,The Happy Fits,rock,She Wants Me (To Be Loved),2020,1yS9wpv8GW2c8tHC7P85JJ
408,YUNGBLUD,rock,Lemonade (with Denzel Curry),2020,4k9it7Buh3IXU7o3oLRjJL
409,Five Finger Death Punch,rock,Blue On Black,2020,53S6LBUl9MUX5uWcToKSHw
410,Yusuf / Cat Stevens,rock,"If You Want To Sing Out, Sing Out",2020,340t55txxJWQmTFK7wARZh
411,Letdown.,rock,Harder To Breathe,2020,7zKWLsNrRA6z9IiXDGgC2o
412,Wanda Jackson,rock,Funnel Of Love,2020,6uJXOi796U1D8iW9fj2ZGn
413,Marcus King,rock,The Well,2020,4wszHgvhXYlN2Io813hLQ1
414,The 1975,rock,People,2020,3ERlkLtr5K5C7VUqlDcNSR
415,I DONT KNOW HOW BUT THEY FOUND ME,rock,New Invention,2020,5vRXG939KMWdIPdLRYo9kw
416,Oliver Tree,rock,Jerk,2020,065bY5WrLvI3NN9VCK0QLe
417,Eyedress,rock,Jealous,2020,0AKS1WVEOUSYa3D2ZyOJvM
418,Guns N' Roses,rock,Sympathy For The Devil,2020,4InpYF6IH5bhuHwG0R0faj
419,BRKN LOVE,rock,River,2020,4tvmsvV1aUmbPKdzl19Or9
420,Panchiko,rock,Untitled Demo 1997,2020,09BgHVKTKv0gqFNep5GUtz
421,Tame Impala,rock,Glimmer,2020,1unBUyjeQUDiJ8N89XiDrr
422,Kip Moore,rock,She's Mine,2020,6NCbMyR7A8MjbX0UhaEgbd
423,Falling In Reverse,rock,Carry On,2020,3GSMJpuz3rFU8WtCws1rv5
424,YUNGBLUD,rock,the freak show,2020,2Lq0em0DLPkGmgs48Rt39b
425,Ozzy Osbourne,rock,Straight to Hell,2020,1mbPPfppc4tbxyvSRpgPrY
426,The Chats,rock,Pub Feed,2020,6Rz6yXr3RWpYdGst26tSYF
427,Royal Blood,rock,Trouble’s Coming,2020,5eR6OS3joTAHJToyzehKfu
428,julie,rock,kit,2020,6vyhJ4tMT5MEdEEpc6jLIX
429,Bad Nerves,rock,Baby Drummer,2020,3AL0jiB2Ix2u6x1MKMNcQv
430,Nothing But Thieves,rock,Can You Afford to Be An Individual?,2020,1fjygBqOg8E1t6RnYu5GIC
431,ULTRA SUNN,rock,Keep Your Eyes Peeled,2020,28KF83Qxd3raEAEjG1Rj0E
432,Tame Impala,rock,On Track,2020,0IuE6FnXPCdZ8NLuuvJRhb
433,Sir Chloe,rock,Sedona,2020,2a2X0YHfFZtH3CuuNJy1JF
434,YUNGBLUD,rock,charity,2020,0Vf14R77kdV1NwzGhAUogr
435,Biig Piig,rock,Switch,2020,2j5AyPkjugfvw0HWrK1Wvr
436,The Royston Club,rock,Mrs Narcissistic,2020,6rgOiBntxsN8MvM2LsSe3v
437,Slow Pulp,rock,Idaho,2020,4FvqAI5GwPspJE3TkMGnEb
438,Point North,rock,Into The Dark (feat. Kellin Quinn),2020,7qCzenL7S1onPt6QdRsDsd
439,AC/DC,rock,Demon Fire,2020,6jtUOVRO4p09Z7E35ERRL7
440,Black Stone Cherry,rock,Again,2020,79wVMF2iOCML96gdWYqO9L
441,DAY6,rock,Love me or Leave me,2020,4srbKZGPFWK1rqVFS9KDFR
442,NO CIGAR,rock,1999,2020,21k9X5qpv44hHi3A2pUbVP
443,Tame Impala,rock,Tomorrow's Dust,2020,666PdikRnUzdvjT9p5wWND
444,Palaye Royale,rock,Tonight Is The Night I Die,2020,417a1PceLb6Z5lnJaRrN07
445,Deftones,rock,Headless,2020,2yoIMKtEtb7iEAmyLdmS02
446,YUNGBLUD,rock,superdeadfriends,2020,1mgvj05QVQdO7dPgHTooXF
447,The Coral,rock,Dreaming Of You (In Isolation),2020,1dGEs4ynYJn3MpCDUCqhzy
448,Old Mervs,rock,Cellphone,2020,6qXjQ4aPhSr6aTnhvKjt40
449,Deftones,rock,Urantia,2020,33WXUh74RZ4CEfUkpJwHWE
450,Metallica,rock,Enter Sandman - Remastered 2021,2021,3DwQ7AH3xGD9h65ezslm6q
451,Metallica,rock,Nothing Else Matters - Remastered 2021,2021,6QAsrXPnMSXIbV0yEJHlEX
452,Duran Duran,rock,INVISIBLE,2021,51EpFns3CG9taCMQz6XDom
453,Metallica,rock,Sad But True - Remastered 2021,2021,5ltXoDLlI0rFZAmOXbAp5T
454,Del Water Gap,rock,Ode to a Conversation Stuck in Your Throat,2021,51Lf3l6wx008NdBxCQnD6B
455,Mareux,rock,The Perfect Girl,2021,5RBOcBpJXaNnHCGViJmYhh
456,Metallica,rock,The Unforgiven - Remastered 2021,2021,5lqyqPU3JkpCbUbLmTVQPW
457,beabadoobee,rock,Cologne,2021,1NaDK3atogQEn9glK5fYuy
458,YUNGBLUD,rock,fleabag,2021,3TFtD8GZNw9v6vVWr3hnWy
459,Metallica,rock,Wherever I May Roam - Remastered 2021,2021,3quYoE7KgIIaqVXPd7MpX0
460,Inhaler,rock,Cheer Up Baby,2021,4jwrBNhvazRacmab5ArWSZ
461,AJR,rock,Bang!,2021,2I2AqFb0f9UNnolWc2MafC
462,The Royston Club,rock,Mrs Narcissistic,2021,1HiFR7dHwt2URTf90yBRkd
463,Twenty One Pilots,rock,Shy Away,2021,2nG54Y4a3sH9YpfxMolOyi
464,Inhaler,rock,When It Breaks,2021,2RSTIsdhq5vqqr2GcTFdGM
465,late night drive home,rock,Stress Relief,2021,7xLfmCx9jcZNgzlIK7NupN
466,Royal Blood,rock,Trouble’s Coming,2021,6voIJ7OWwRabSZDC77D5Hp
467,Rag'n'Bone Man,rock,All You Ever Wanted,2021,7nX1m12HTyIyiATwrcHCUh
468,Richard Ashcroft,rock,C'mon People (We're Making It Now) (feat. Liam Gallagher),2021,6GJRpKeLAD5xWf40HqYJw1
469,Nessa Barrett,rock,la di die (feat. Jaden Hossler),2021,3RLshk3cDQOqWhSIRCVaXL
470,The Reytons,rock,Broke Boys Cartel,2021,6gQyRVdgnlr8RPkBBeRLkq
471,Holding Absence,rock,Afterlife,2021,7ridH3hy4aXG6Kn1XomKrO
472,Caskets,rock,Glass Heart,2021,1nxbn0COjeyH7MQZ27T3CR
473,Måneskin,rock,CORALINE,2021,7HMz8o0m7ASQ3ImFPfhWTY
474,Biffy Clyro,rock,A Hunger in Your Haunt,2021,3SCDUKP0PpE3ePJwNDoCyL
475,Louis Dunford,rock,When We Were Hooligans,2021,0AVwOQcCfIatMrKTzQvu3u
476,Ozzy Osbourne,rock,No More Tears,2021,04jqYY1oGk33BL0FtfSUg5
477,Volbeat,rock,Shotgun Blues,2021,2SMNxADB0ffqaIoOwl2x06
478,WILLOW,rock,t r a n s p a r e n t s o u l feat. Travis Barker,2021,5JKnYZOhSP7rOK0jPYcCjV
479,Caskets,rock,Lost in Echoes,2021,13YWByXibBltt3T5u3IcT7
480,WILLOW,rock,t r a n s p a r e n t s o u l feat. Travis Barker,2021,1QL7nSDZCwZMnbisV4KOXt
481,Royal Blood,rock,Oblivion,2021,3Ye5icBka8ODjcaEQakPvZ
482,Twenty One Pilots,rock,Choker,2021,732E6ibFkQR5lNIPEeiEnx
483,Del Water Gap,rock,Better Than I Know Myself,2021,4PawewnYu8lyLk3DX1RCNu
484,Greta Van Fleet,rock,Light My Love,2021,4iya38ctQ1httyA6NOG9oW
485,Royal Blood,rock,Typhoons,2021,5aFGo8wHEntVxFI8IF7Wuj
486,mgk,rock,love race (feat. Kellin Quinn),2021,1F9kEuwT29fgqlovIclu81
487,Inhaler,rock,Who's Your Money On? (Plastic House),2021,3tn5eJxxrG6RmKQcxRaCXG
488,Greta Van Fleet,rock,Heat Above,2021,0zlaa4AmbFE7MVDijsyD9Q
489,Miley Cyrus,rock,Nothing Else Matters,2021,2mC33mxgLJN3IT65MGN3B0
490,Wet Leg,rock,Wet Dream,2021,6pjJUY0O4XgrYFGf9SwD7u
491,IDLES,rock,Damaged Goods,2021,0lS6FAyfXBuNsT2OgIKb0W
492,Limp Bizkit,rock,"Turn It Up, Bitch",2021,2KlKLcZPU4CptMCQ3TY5ls
493,Lovejoy,rock,One Day,2021,58U47mHjyLwUwJZ7voUt15
494,Jake Bugg,rock,All I Need,2021,66stDprhtsjuhwS5oxg7ft
495,Solence,rock,Good F**King Music,2021,75qezFTBIjU7OkoWGeD10Z
496,The Snuts,rock,Elephants,2021,1bHJQgkyDJQHhfLgLk9duY
497,The Offspring,rock,Let The Bad Times Roll,2021,0O2UONKvVfdwDyefKh5Yo1
498,DON BROCO,rock,One True Prince,2021,2hKLUK0YursR0laSpeJDun
499,A Day To Remember,rock,Resentment,2021,2yvIw3QVg06yAZkRiLTYP3
500,The Reytons,rock,Antibiotics,2021,1wwAdNKC53CJBwfWlinf00
501,James Marriott,rock,Him,2021,0dYruO6d5C4VU1X3IbQAkr
502,Metallica,rock,Don't Tread on Me - Remastered 2021,2021,3zbLtkeCoU5LutGs8728c6
503,Limp Bizkit,rock,Dad Vibes,2021,2ppAkaBj4vaL0qsFm1TOKI
504,Chris Norman,rock,Stumblin' In,2021,0ctgmKdlPY8xx41wY339Da
505,The Rolling Stones,rock,Jumpin' Jack Flash,2021,1uBsu3PbD2909UBIfEMLvK
506,Duran Duran,rock,INVISIBLE,2021,0AM92A4kr44yHi74mwNcBg
507,Paris Texas,rock,girls like drugs,2021,0eXkUXr4wJ3Orruk8S1cpW
508,Saint Motel,rock,A Good Song Never Dies,2021,5K43AHQPTJTqlyRZ3uBGKz
509,Kings of Leon,rock,The Bandit,2021,7aYBo6hxjhJc8ECkbKAqnR
510,Metallica,rock,Enter Sandman - Remastered 2021,2021,2T5q7qhJVN4m2hMSIAsOlC
511,Ozzy Osbourne,rock,Hellraiser - 30th Anniversary Edition,2021,7iD5t0YgWvIIrvZtw6IIxQ
512,Lord Huron,rock,Not Dead Yet,2021,6xVd8klTvL6ZRovgIhIs98
513,Papa Roach,rock,Last Resort (Reloaded),2021,52KlXDEkCkgZxuMjSqzY4L
514,Bring Me The Horizon,rock,DiE4u,2021,2gT72HL4Y84K2Mle3miAMJ
515,Tom Morello,rock,Let’s Get The Party Started (feat. Bring Me The Horizon),2021,0vFzdbPUKZKZ9Xn9GfvIS7
516,Metallica,rock,Holier Than Thou - Remastered 2021,2021,6c5Ft6sEfLjVxL2wkgxBtv
517,Caskets,rock,Drowned in Emotion,2021,5nxcR7W60CU3cvmGX1jBzQ
518,The Reytons,rock,Jealous Type,2021,5XrW6RqSVRTnLv4SBnkw02
519,Royal Blood,rock,Boilermaker,2021,27BEATf1JFhKDmwJdpGVSk
520,Ozzy Osbourne,rock,Hellraiser - 30th Anniversary Edition,2021,0BW3ImhGyAdbM62rHPyNNB
521,julie,rock,skipping tiles,2021,43phhhh1hQF7koWX3uNvO3
522,Nevertel,rock,everything in my mind,2021,07gPDviT2OdBj40dxqMmjO
523,Wallows,rock,Quarterback,2021,2OwIGCjx7e7J1HHdAqIv21
524,AJR,rock,Way Less Sad,2021,6YIivt0G3ZUuNrM62jp9pL
525,The Home Team,rock,Right Through Me,2021,5v7z0I5XzDsCWIVji5Z2ql
526,THE DRIVER ERA,rock,A Kiss,2021,7b4iOHMngSAFhgN120hbWB
527,Citizen Soldier,rock,Thank You for Hating Me,2021,1rC8X5z0RpDlwM2jmIXyNb
528,A Day To Remember,rock,Mindreader,2021,2qy1izuCE6TOacJO6hBHlO
529,The Royston Club,rock,The Backburner,2021,6rTm12QuCnqODkid8DmWKd
530,Radiohead,rock,Everything In Its Right Place,2021,62dUmjtkYOUwYOALt6pefh
531,Metallica,rock,Of Wolf and Man - Remastered 2021,2021,3bxHy4sUXEWjI9kXG1DH5K
532,Against The Current,rock,weapon,2021,5z0QlOV93W6Yo7DG2SYOJP
533,Arrows in Action,rock,Uncomfortably Numb,2021,1GKWYFyl2szrsOPqgQEugR
534,Radiohead,rock,Motion Picture Soundtrack,2021,5RxiwMqRNyPYjJTobU65UT
535,jxdn,rock,ANGELS & DEMONS,2021,3mkz6eI4Sram8UhO3teU76
536,The Rare Occasions,rock,Origami,2021,3qpyxgH65qNhJ9hLS2gWrS
537,All Time Low,rock,PMA (feat. Pale Waves),2021,52BHuLFKoBemaQ1oOPFhFZ
538,DON BROCO,rock,Endorphins,2021,7uOpAhzWIoxEJcwaPFXwPL
539,Eyedress,rock,Body Dysmorphia,2021,3QVa3D6QaQy0b0foOAYDuy
540,Metallica,rock,Through the Never - Remastered 2021,2021,5pPYLYTIBVJAz7iZRPufqw
541,Architects,rock,Dead Butterflies,2021,2XdcUAsMCuNMaWLmXIhdjW
542,Måneskin,rock,MAMMAMIA,2021,78SCmQ8A7KQSMdkem2SwBP
543,Foo Fighters,rock,Waiting On A War,2021,4tA8lpQoWkMRWOZ29HbR86
544,RØRY,rock,UNCOMPLICATED,2021,2u1I5zNsB0FzoVhuzCCszK
545,The Blue Stones,rock,Shakin' Off The Rust,2021,5MKtQtz40BsJZvqkS5FmC6
546,Wage War,rock,Circle The Drain,2021,37LTDJrNmWco1qHO1AuZ1r
547,Metallica,rock,Wherever I May Roam - Remastered 2021,2021,78m5YarfdWeMtlVyMVC2Mm
548,Architects,rock,Meteor,2021,0d2mj7p92bZEckjowsc1a4
549,Colby Brock,rock,Skin,2021,299GkePhIW0lHWwcdyCsT9
550,Biffy Clyro,rock,Unknown Male 01,2021,7t1zVA0130zZBaE4dU1VpS
551,Zach Hood,rock,Isabelle,2021,1w9L6dvttZalWd8XqFYvSa
552,Greta Van Fleet,rock,Built By Nations,2021,3qaRqV7dTbQV2VVMhd0ejd
553,Somebody's Child,rock,Brother,2021,7bkPGMThwBxEQn8ffP0VMS
554,Friday Pilots Club,rock,For The Wicked,2021,1MsU7LDRTqvMaKbptPp72z
555,The Home Team,rock,Move It or Lose It,2021,1s1WEQ4GqGSyN6dNUAzhPZ
556,Billy Idol,rock,Bitter Taste,2021,6AyWHf259DGuxOnwdsz1Lf
557,The Reytons,rock,Landslide,2021,3iQZVEIW9K4uDeaBEsO3w9
558,Limp Bizkit,rock,Out Of Style,2021,06nmwVr0Ev16QnVXsQXSf1
559,James Marriott,rock,Gold,2021,5Q2p6yNm5pTJ07gCFv9L2R
560,Metallica,rock,The God That Failed - Remastered 2021,2021,6SUS59EDam0USXk05d9ZAH
561,The Royston Club,rock,Cold Sweats,2021,7ie0ia0Ho89a1YoXMbIPC5
562,Flyte,rock,Everyone's A Winner,2021,0Gf2hEQEVBcwgy40JyO9LK
563,Memo Boy,rock,Facebook.com,2021,1d0Ol4OODB5ioYsds2TtJC
564,Kevin Walkman,rock,its alright :),2021,66nBMj6cwE9V6LxcpQQpFs
565,Bailey Zimmerman,rock,Change,2021,5GqFHxvAVUmZPdAFj6THjD
566,Wilderado,rock,Surefire,2021,7MbVZOLSUloG4J3nH3Tnos
567,The Who,rock,I Can See For Miles - Mono Version,2021,7B9F9nLxe7MZgZ68Jj86Fn
568,EKKSTACY,rock,"it only gets worse, i promise",2021,5H0BawU5IlPVzLTiresJwa
569,Imagine Dragons,rock,Follow You,2021,7FdUvDkaE24o3FPIWTvzv2
570,Caskets,rock,Hold Me Now,2021,0JWpbl3Ppr71ONy6VDP5vu
571,Metallica,rock,My Friend of Misery - Remastered 2021,2021,1EcFqCwlaXfg5E5uhrrlZy
572,Pentire,rock,How Would Someone Else Do It?,2021,3hLqBnamhUwc489CtJL6oP
573,Lynyrd Skynyrd,rock,Free Bird - Edit,2021,4D65zMx01EirTnqzJMJ9PF
574,Iron Maiden,rock,The Writing on the Wall,2021,20sXcaJkWP0DdzA58Colw3
575,VIOLENT VIRA,rock,You Wanted More,2021,1xZw6LLWBxD7a9jmvd6OVn
576,The Orion Experience,rock,All Dolled Up,2021,1mjw2uldWHlx6zE9xuizJ0
577,With Confidence,rock,What You Make It,2021,2eXSPTZmhkXRGob1hsFdVd
578,Keanu Bicol,rock,i won't run,2021,3ykvobAQxQ5VlcDOMKXI4M
579,Citizen Soldier,rock,Face to Face,2021,5hrS0ntF3ZEMQILhEFeqhu
580,Radiohead,rock,How to Disappear Completely,2021,7hFmiFUYmIjELj5d0UjbVh
581,Maggie Lindemann,rock,Crash and Burn,2021,2EmyZ5vHUkWZ8wV6GVhTXP
582,Those Damn Crows,rock,Sin on Skin,2021,7aRs8vnr1XXWyjeYnFhvaO
583,The Plot In You,rock,Face Me,2021,46lko6p7snMatkxxO1a41q
584,Volbeat,rock,Wait A Minute My Girl,2021,6nDHNHOVNuWK48N24Fktcs
585,Kings of Leon,rock,Stormy Weather,2021,2GJ8aSnidsI7oMHuG6idE2
586,Nothing But Thieves,rock,If I Were You,2021,0TA4JOCcrPyShfCxdFl1tN
587,Foo Fighters,rock,No Son Of Mine,2021,3jSRg3DPkvNX74Kx28PQnH
588,Milky Chance,rock,Colorado,2021,35iR1qzexmbcUSgA01S4gI
589,Inhaler,rock,In My Sleep,2021,6jYgoiJu5ZMw4d8ma2fkJ9
590,KALEO,rock,Skinny,2021,2C4jYVZId6mxISa3HrBvGM
591,Sub Urban,rock,PATCHWERK,2021,3oknxh5JkdkyOV7UAE1zOh
592,Falling In Reverse,rock,I'm Not A Vampire - Revamped,2021,5aoBuRB9lHxCh1J25wTPhQ
593,Lovejoy,rock,Model Buses,2021,0KTF2BkNTGbBAlCbIPvAKl
594,jxdn,rock,BETTER OFF DEAD,2021,7MPxEoT36YBCDbrk3ng85S
595,French Police,rock,Vampiro,2021,2ZgKOGthLtSzmDWde75FtY
596,Nirvana,rock,Smells Like Teen Spirit - Remastered 2021,2021,0vYfKwaIDwY0IcKbMcqcY5
597,Metallica,rock,The Unforgiven - Remastered 2021,2021,6pAIZfkNBQh4RAiOliPo4t
598,Weathers,rock,C'est la vie,2021,0UhWFmdlrBSmZ7A6bFD8L9
599,Old Mervs,rock,Out Of Luck,2021,3ITiZ7MiBhQ4yCYrWpHhVK
600,Joesef,jazz,I Wonder Why,2020,5Jwh9paNfKbgeVxVv5cCQp
601,Melody Gardot,jazz,If You Love Me,2020,7i9RIEuPvpQ8NtfI0dSJeK
602,The Bahama Soul Club,jazz,Never Roam No More,2020,6726edIl6xRsfTuyrtwHRi
603,Quincy Jones,jazz,Soul Bossa Nova,2020,6aMmz0HbtjJnvUMteBO2kc
604,Kokoroko,jazz,Carry Me Home,2020,2mgIoFgItGxpYAQw5j1ShQ
605,Melody Gardot,jazz,From Paris With Love - Single Version,2020,49UeyKygzNO99mDvFNam8G
606,Tom Misch,jazz,Kyiv,2020,1vzqTU4KJrKhezhPgZkjTr
607,Gregory Porter,jazz,Revival,2020,2DnnTFkreV0FtinIYGHDb9
608,Erroll Garner,jazz,Misty - Remastered 2020,2020,2yiISACbYnL2hApy1ffKKs
609,Kahil El'Zabar,jazz,HOW CAN WE MEND A BROKEN HEART,2020,0OQ1iVBkxrMKS8qmro5BRT
610,Alabaster DePlume,jazz,Whisky Story Time,2020,1ZBxqoho42uvFAJB6d2RdS
611,Emma-Jean Thackray,jazz,Movementt,2020,1zYA5cNkQnFyyVOZaY7lqO
612,Oscar Peterson Trio,jazz,Quiet Nights Of Quiet Stars (Corcovado),2020,3lTyliusZgm29TXJyfFO3B
613,Jesus Molina,jazz,Night in Tunisia,2020,54VBfy8Jmi9lIsbsdv5x4E
614,The 8-Bit Big Band,jazz,Fnaf 1 - Big Band Version,2020,2FgdYV9AnS0CTjwoHY42E3
615,Boozoo Bajou,jazz,Under My Sensi - Thievery Corporation Mix,2020,77CU2FdWSLZLlI2lMwGPqp
616,Gregory Porter,jazz,Everything You Touch Is Gold,2020,38eB2BbrR7PLK7zyQYgBDx
617,Ella Fitzgerald,jazz,Misty,2020,4kF394GKEnI13QdZBM9mxM
618,Dutty Moonshine Big Band,jazz,Fever,2020,2ca02YWV2FmnePqYqBIduw
619,Quantic,jazz,Nineteen Hundred and Eighty Five,2020,65KrPjUkVnvUUfQaDGn6n7
620,Khruangbin,jazz,Dearest Alfred,2020,1g8I4x4Hl8LEvTMlOmTkiS
621,The Bahama Soul Club,jazz,Ain’t Nobody’s Biz-Ness If I Do,2020,0WVswM9mX3DjHpH1QtYyW3
622,Shanice Green,jazz,Last Forever,2020,3ETWwN2Fa8ihTN2LKpryV2
623,Melody Gardot,jazz,C’est Magnifique,2020,1pd6iv2ZyzhdCdwvkLbjMM
624,Kamasi Washington,jazz,Song For Fraser,2020,6WzTc2F3x6kJ4jJC2Fasqt
625,Dave Wave,jazz,Pink Swingin' Elephants on Parade,2020,6cJ6D9ccxFtGCe5lSPgQPK
626,Hailu Mergia,jazz,Yefkir Engurguro - Mixed,2020,2pYlfyJ8RJBKPoTfXQ5pjw
627,Jordan Rakei,jazz,Wind Parade,2020,0g941Kqd2InTMBbJO4eFlf
628,Beck,jazz,No Distraction - Khruangbin Remix,2020,2KHF1Yu8UvTa8HQgrNmKyW
629,Betty Booom,jazz,Betty Boop (Electro Swing),2020,1EXiJBPQNM8bCHhb5r3qqB
630,Dzihan & Kamien,jazz,99 - Instrumental,2020,555WeQiLiGyrASpmmcsnCv
631,OR3O,jazz,Run Away,2020,2ZwAZ1UUjCvZGf84OFrtPT
632,John Coltrane,jazz,Giant Steps - 2020 Remaster,2020,1ZXu0ib26kWfQQngREMcU2
633,Michel Colombier,jazz,Forbin's Hi-Fi,2020,4Qz09lq4eIqGF820sYtcM8
634,Athletic Progression,jazz,Emmelev,2020,2mJBVEo9MdQaZRE5bi94rC
635,Grace Carey,jazz,Moon River,2020,3qBUFn6AgcHTI3tkg99lDD
636,Pink Martini,jazz,The Lemonade Song,2020,2kby1XWPnTc0fFMrViKbE4
637,THE TAKE VIBE E.P.,jazz,Golden Brown,2020,24XIbFhfr4mqCtKDHyzIvv
638,The Swinghoppers,jazz,Party Like Its 1920,2020,2WRHiHhCwf8z6pq5Erqi7C
639,Melody Gardot,jazz,Moon River,2020,0zjOktNIgywCUwaJrIX93E
640,Gregory Porter,jazz,If Love Is Overrated,2020,40WHJeUcfk00hEQxJHw14R
641,Gregory Porter,jazz,Concorde,2020,1kAsekgYYbEbrzNMuT9hNg
642,Parov Stelar,jazz,Tango Del Fuego,2020,1zPDFhYO6vTlWv0Ii7ROr4
643,The Bahama Soul Club,jazz,Mango,2020,0cRO3wro7JJhAHfxbc3t3A
644,Terrace Martin,jazz,First Responders,2020,1ux778Ljln0QEitz2fB4PH
645,Greg Foat,jazz,Symphonie Pacifique,2020,1KFhl1VNM6z4bpqAQETzTN
646,Melody Gardot,jazz,From Paris With Love - Single Version,2020,5mw9Ox2dKksNDip74o6hU2
647,DEMONDICE,jazz,Alkatraz,2020,1240iIrz36cDxTopJMi37h
648,The French Note,jazz,Waltz for Roxy,2020,2BFZOjnQV3TAhkVMWeVcAJ
649,Thundercat,jazz,Dragonball Durag - Remix,2020,1PrVLmXkJjh2vEhmBEKLeM
650,The Sorcerers,jazz,"Who Is the Hunter, Who Is the Prey?",2020,3UZOhC2yRQeCcM5ebQJq9K
651,Diana Krall,jazz,Autumn In New York,2020,4TUYXBMD004ZwWTeYcynFH
652,MICHELLE,jazz,SUNRISE,2020,5lwl5QVuTovGE8CMbiE4TL
653,Kyle Sparkman,jazz,Funk215,2020,4Z7xY2QevJ6MWVSHzpOwiX
654,Peggy Lee,jazz,"Hallelujah, I Love Him So",2020,499GXjmRXzKrZLmiWrhvuY
655,George Alec,jazz,Tenderly,2020,7tyZqOZDFhCgARJWP4g6EC
656,Surprise Chef,jazz,New Ferrari,2020,3hEYoFSqyac1ogo6rJuR2f
657,Svaneborg Kardyb,jazz,Bluesen,2020,4q4emoW3IX2eHhY3sVkudj
658,Pisk,jazz,Horny - Electro Swing Version,2020,5KdJVf0tqurkIDdBEbIJVG
659,Roger Strauss,jazz,Remembering Yesterday,2020,2Zwb29cNNm14tWsiF3miBs
660,Tuberokoto,jazz,Bebedor,2020,5KGqIKdnzKvKBe0wiRxGuT
661,Melody Gardot,jazz,Sunset In The Blue,2020,3vTAheX6bBX0hpVMBvE9l0
662,Greg Foat,jazz,Yonaguni,2020,4U4YIDoopcrqZq8CCzdgjd
663,Admas,jazz,Anchi Bale Game,2020,1DN07O8ryZhUML47Pj00E8
664,Immanuel Wilkins,jazz,The Dreamer,2020,2UqYwWfjMDyCRnJc1Eebnn
665,Underground Canopy,jazz,Tony Sendo,2020,5FZXQ6bRMGA9upGP3uFSby
666,Caro Emerald,jazz,Wake Up Romeo,2020,54Sy4fzAjNcbZqHoxg1P8o
667,Cissy Street,jazz,Les pions se révoltent,2020,385MtwO57oRK3pMDt0lj9c
668,Nubya Garcia,jazz,The Message Continues,2020,4cr8FyfxkPatU8ca7cCzmN
669,Art Hirahara,jazz,Ascent,2020,4d2YgepBRyYjr1EXM6slZq
670,Moonlight Jazz Trio,jazz,The Shadow of Your Smile,2020,7CkCIrM9MwcHjlp7DgeS73
671,Dirty Loops,jazz,Rock You,2020,0L4A8L8UUSU0lgzxGNKggH
672,Simon Westman Trio,jazz,Jakob’s Happy Song,2020,1w8AuoB6mjP8MsnHRoDSkW
673,Gregory Porter,jazz,Mister Holland,2020,4YRoDTP2ReB2wnoGtKtYXB
674,Lawson Rollins,jazz,Bluewave Bossanova,2020,2QOqnhCrTIqTLzByQD7YQJ
675,The S.P.Joy,jazz,Good Golly,2020,6TqaVAg8Lr6WPJ4Dybnnyl
676,Thomas Dutronc,jazz,Un homme et une femme,2020,64aUYyD7RXmseLmB6WX56k
677,Clube no norte,jazz,how insensitive,2020,3NfjsizJtx8XWnmsZxOohA
678,Robert Elovsson,jazz,Out of place,2020,5GSCUe3Tygcx9JHJ6e7Qo3
679,Thomas Dutronc,jazz,La belle vie - The Good Life,2020,1zjpSKBjhlEsuOqqZ0yzip
680,Lighthouse Lounge Band,jazz,Nature Boy,2020,127WDW2MedpO5IpOITKrk8
681,Ronald Langestraat,jazz,Lowdown,2020,6T45NKIttYdTYDESzhCjoG
682,GoGo Penguin,jazz,Don’t Go,2020,0pcxvYCWcYn4FOlRM5aoW9
683,Thomas Dutronc,jazz,C'est si bon,2020,7n5rnQbELuaeHJ8T4gU00m
684,Ruby Rushton,jazz,Sun Khosi,2020,0TFR4fugISTa7kMxqY6JJj
685,Jimmy Heath,jazz,Don't Misunderstand,2020,4vVxrc4FqD6FdolnLw3hlD
686,Danny Walgreen,jazz,When I Fall In Love,2020,3Ko863Oq3qXwXXyor9VNci
687,Surprise Chef,jazz,Deadlines,2020,0t8pcT1qqsW1J9crcsp4Nw
688,GoGo Penguin,jazz,Atomised,2020,7BVSrHENp2zB45VriApGNV
689,Bibi Tanga & The Selenites,jazz,Afro Groove on the Move,2020,37oSDl2h23auaVGTtr4pfh
690,Omar,jazz,There's Nothing Like This,2020,4LHL2Xvq0NhGqUY2JfvCI2
691,Melody Gardot,jazz,Little Something,2020,6MGANe9ez15uInl7xOLBx2
692,Angus Grove,jazz,"Rest Well, My Good Friend",2020,4qsQlYS060DvsApA2fSfS3
693,Clube no norte,jazz,I didn't know what time it was,2020,2zAErc7IF0XI38zPfaXipU
694,Stan Van Outen,jazz,Misty,2020,0fGNaE47Hx1SO8kEKtkGxb
695,Jonny Libonate,jazz,Cleopatra's Dream,2020,79Pa36K6R3somBuhNi2B0V
696,Dutty Moonshine Big Band,jazz,Big Band Fam,2020,3PpBfsiixm3Nj7rVco8E7H
697,The French Note,jazz,Let Yourself Be Loved,2020,3X4axB9r3Ojtsh2MfwHyj2
698,Oscar Peterson Trio,jazz,You Look Good To Me,2020,2NER1VcufbZDBO8ZbdJlNR
699,The Sweetgreens,jazz,You Don't Know What Love Is,2020,4bDk3TKM6kF1MT2Tzek7QJ
700,Conor Albert,jazz,Crazy He Calls Me,2020,24x9urAiyzJ0ZpD5er4SWm
701,Emil Brandqvist,jazz,Memories,2020,2uLa2EKuWZ62AsBUE1TNi6
702,The Fearless Flyers,jazz,Nate Smith Is the Ace of Aces,2020,3p8Gxhqy3pzCU7BRfqhqPE
703,Gerardo Frisina,jazz,Cuiaba',2020,0v6ekCKrns2E9FDuj9kij0
704,Bladverk Band,jazz,Caerulea,2020,05IRllaVkCLy5Iyz3JUXNC
705,Téo Freire,jazz,Coração Madura,2020,3TTQRX8ppicWmBSLDWs5u6
706,Jill Barber,jazz,Entre nous,2020,7bmtlgtRezmSH5vgDGzQig
707,Ibrahim Maalouf,jazz,Free Spirit - Duo Version,2020,2vUfFXXtJgQOqMhE3KUzs1
708,Diana Krall,jazz,"Just You, Just Me",2020,0Dvn6bjMSqv2N50h1AESbu
709,Holborns,jazz,Fridays,2020,3Y23H0dJCyZ8Whxh59eJEB
710,Kandace Springs,jazz,Solitude,2020,6PSDknjbOQTQNo7cwBMduU
711,Baptiste Herbin,jazz,Swing Valse,2020,0lqVVCQYJ2nhw5X4RgaKui
712,Matt Corby,jazz,If I Never Say a Word,2020,1s27ikLoPsh4b6VZwBbH4O
713,James Jackson Jazz Trio,jazz,On a Clear Day (You Can See Forever),2020,6zeTz2j5A9G6gEKi34ks05
714,Rikard From,jazz,It's an Upright Thing,2020,3BD0LjyJHrhUx5Gqrmx2nD
715,Wyldest,jazz,Seastroke,2020,5D1LlqWG0VUMMvfqRBch2S
716,Swing'it,jazz,Champagne: Electro Swing Spin,2020,221zxFCom6aGFrnWKeBUjC
717,Boogie Belgique,jazz,Rhythm,2020,30d6Zq7VnpyBJ7QQjJfpHS
718,Bluey,jazz,Had to Make You Mine,2020,3Sa5gRCXJmvreajxaFF9dH
719,Abraham Afewerki,jazz,Kem Zdelenayo Diyu,2020,6ESvmWSJx3b1ALYto63Ekl
720,Yadava,jazz,"Morning, Pt. 2",2020,1sLc8jMaTWYTL2RMitcZej
721,Ramiro Pinheiro,jazz,Vaidoso,2020,30wH1ebVpN4yCfXqEbNhMG
722,The French Note,jazz,Afternoon in Orange,2020,2ZTiqUgPrxDCGXll9ZRg0h
723,Ayọ,jazz,I'm in Love,2020,62QV6uiuTEpAQXA4YJB0bw
724,Carol Albert,jazz,Perfect Sunday,2020,67pKB7rEPHxlWFRk5GUoiR
725,Arne Torvik Trio,jazz,Compromises,2020,6teUPQnEbgYScxhKjVNcOc
726,Nikitch,jazz,ZBRA,2020,2hTbIsQQWIeXzdaqJl4y2G
727,Jacob De La Rose,jazz,Next to Nothing,2020,3NSUJkVYfauEwgNlhJinXF
728,Vincent Ingala,jazz,Echoes of the Heart,2020,4NHXOCiSoFcbPkT1NZOChb
729,Matt Dusk,jazz,I've Got You Under My Skin,2020,0YtdBOitNPB7oYgLvm2z8g
730,Chris Standring,jazz,Out of the Blue,2020,5pQQjMOsR4HjuO94AEXTqX
731,Glenn Gatsby,jazz,Posin,2020,2k5VlJ9D19cJpkXUEow6sC
732,Espen Eriksen Trio,jazz,End Of Summer,2020,5Awwc8XXZPub32TbLWyOPp
733,The Speakeasies' Swing Band!,jazz,L' Americano,2020,4pjnoHOIsy8BrrTLIm4yc1
734,Chihiro Yamanaka,jazz,マイ・フェイヴァリット・シングス,2020,0zL4fkJauyujzpXKTw3evP
735,John Coltrane,jazz,Naima - 2020 Remaster,2020,3jnz28JDlLUPA90sly4Xqk
736,Duponte et Duponte,jazz,Chimes,2020,6gzPmb75SbQGuCWwtAoutC
737,Eddie Condon,jazz,Nobody Knows,2020,55fk32rUTi8F038soIivol
738,Gregory Porter,jazz,Revival Song,2020,0ybZHF2hXdWlWaW3lM5sqj
739,Kim Waters,jazz,Feels Like Friday Night,2020,3bDsnnpzrp67FMcHmxOCFQ
740,Bluey,jazz,You Are the One,2020,3cwbAc2iWrPeBkrqAq16Yv
741,Ionn Blignault,jazz,Almost blue,2020,5mGZw3iGsAhtJTFwY6Xm9V
742,Quantic,jazz,Nowhere,2020,3p3ETWclqLR2MHPS2JaLTK
743,Magpie Jazz Trio,jazz,After You've Gone,2020,1dtR7BTT8888rsckbuzwod
744,SunPalace,jazz,Rude Movements - Moodymann Remix,2020,470zVuyhWSOX7Ww1FjkueJ
745,Ellie Manne,jazz,When We Meet Again,2020,71vWUMeyrgikHr6MwkUpCv
746,Carsten Dahl,jazz,Somewhere over the Rainbow,2020,6WaLMmbnmG1T2HWm5hwKOU
747,David Walters,jazz,Pa Lé,2020,2nK0JwkBzP8wb6BTwsL6yv
748,RYUSENKEI,jazz,Talio no theme,2020,7HNgKQUA4annQ3cJMTWP74
749,Art Blakey & The Jazz Messengers,jazz,Hipsippy Blues,2020,3iFlfQ0CXc9URaAvai8VUe
750,Ray Charles,jazz,Hit the Road Jack,2021,5dUMh0ugelpKfoFp3qChuK
751,DARGZ,jazz,Lou's Tune,2021,5crkOzXbUZ5SOSkSat7g4T
752,Ray Charles,jazz,Hit the Road Jack,2021,2HoqbEOXgbDSLZ5XCePEXt
753,Laufey,jazz,Best Friend,2021,5zQR0qoA4S1Iwj2bAwW03a
754,Brothers Moving,jazz,Minnie The Moocher,2021,6kIm6NejP3hxeccPGTr1NY
755,De-Phazz,jazz,Back from Where I Started - Instrumental,2021,0UyCYx9wxNjpHpos2tumC3
756,The Chalkeaters,jazz,Count to Three,2021,6E3TudlZucyt2fxE8Ljgw6
757,Lady Blackbird,jazz,It'll Never Happen Again,2021,5hreBcWj1HyIvK2Gie1gX7
758,Gianni Brezzo,jazz,Flower Rain,2021,5hDKM0AWQKlvqvIe6FUhmP
759,De-Phazz,jazz,As the World Turns - Instrumental,2021,1H7KOEXy3Dz2T2v3XX3elO
760,Charlotte Day Wilson,jazz,I Can Only Whisper (feat. BADBADNOTGOOD),2021,5qXwFOkT3lrEonTzsYCeZ1
761,Samara Joy,jazz,Stardust,2021,60gs0cMpDerQrMDmGOj8LX
762,Samara Joy,jazz,Everything Happens to Me,2021,44DiSGodp1YooCyJfI2aeQ
763,Davishmar,jazz,a rose blooms in chaos,2021,1ymikhI2taCMNkmn9GO9CZ
764,corto.alto,jazz,Not for Now,2021,0VoDYNXHen64ORyizt6Ct5
765,Gregory Porter,jazz,"It's Probably Me - Live at Polar Music Prize, Stockholm / 2017",2021,1tQx5k0eceAGlNfN2GJEnA
766,Shakatak,jazz,Easier Said Than Done,2021,5OU0eEBGeAvBhyn29EOq3P
767,Cody Currie,jazz,Moves,2021,07DuoTCTocHk7y3d8MImks
768,Emma-Jean Thackray,jazz,Sun,2021,1t0YQkR6LoRrzALweX2OL8
769,Amy Winehouse,jazz,Lullaby Of Birdland - Live From The Stables / 2004,2021,52nsOnLZuRQSNJr7940Xyb
770,Mista Trick,jazz,Hallelujah I Love Her So,2021,21L9F5DG0MQY6oLVRzvcvm
771,Matt Carmichael,jazz,Cononbridge,2021,7LkNedSvXv5jIAbA9c751U
772,De-Phazz,jazz,Right This Time,2021,5Gc5AGU4Ij4Prv2op7yAVy
773,Portraits in Jazz,jazz,Largo,2021,3AxQSzHc2vYjqMZLyPyy2H
774,Nubya Garcia,jazz,Together Is A Beautiful Place To Be - Nala Sinephro Remix,2021,4Wt7ZGzelNDUZCCZxgLsuK
775,Ray Charles,jazz,Georgia on My Mind,2021,6yMGxqKj0218mFR5KqsMRq
776,Nala Sinephro,jazz,Space 2,2021,3I6J7zLXCGDwqm0PaNKqWI
777,John Rae,jazz,We Will Never Meet Again,2021,01bwGowuoCT9klYUIJwuBl
778,Melody Gardot,jazz,Little Something,2021,5r6lJieb2jRU9lyx4UCPnk
779,Sons Of Kemet,jazz,To Never Forget The Source,2021,0dPrF5uEHk2hqbBxaMOxsP
780,Cory Wong,jazz,Follow The Light,2021,1YPV3B1Ou3rarSL9jukfQL
781,The French Note,jazz,Moonlight for Ella,2021,4jof4hfTvXZ177kmHYMRoG
782,Portraits in Jazz,jazz,Clouds,2021,7hW3pQ8yVD94VzKiX0RC8u
783,Martina DaSilva,jazz,Say You'll Be There,2021,5PPFu9Ezev083u2bEuoz3q
784,Ray Charles,jazz,I Can't Stop Loving You,2021,0OW5klw1G3VHc9QR7KRHAf
785,Floating Points,jazz,Movement 5,2021,3NXtrTvffBr14K4qMHp55q
786,Move 78,jazz,Middling,2021,3cDSZoudwjseBlQFzBWUDf
787,Nubiyan Twist,jazz,Buckle Up,2021,4xngFegdQfgTQxFki40pTn
788,Nubya Garcia,jazz,La cumbia me está llamando [Feat. La Perla] - Kaidi Tatham Remix,2021,3QjXW080AfAEA5p4C2Wtfa
789,De-Phazz,jazz,Breath Beside Me,2021,6D9t4NgaVJC9zF9Mh2wnPT
790,Boozoo Bajou,jazz,Orfeu,2021,6vool92euQK2cocfDrUVMX
791,Jazzy Coffee,jazz,autumn leaves,2021,4BBKIyvbUZZkErz6YdvdBx
792,Fievel Is Glauque,jazz,Bring Me to Silence,2021,65bh4AZ2htfbVIpgul1a10
793,Roy Williams,jazz,Dead Mans Blues,2021,4cgFj6WrnVjIJylDEwQ54G
794,Thierry Marchal,jazz,I Thought About You,2021,14wxDY2TOvVXXuWpRDDJ8f
795,Southside Trio,jazz,The Law of Attraction,2021,5f2btCjcN87enR8OBijRBz
796,Madeleine Peyroux,jazz,Careless Love,2021,5fPyLaiCM8P5sTTkfuuRCr
797,Move 78,jazz,Hectic As...,2021,7qGiqZXmt6ksGNtm36cTfX
798,Fievel Is Glauque,jazz,Decoy,2021,2T43AxusLnjIbGGG1kiPPW
799,STR4TA,jazz,Rhythm in Your Mind,2021,2nskES9cszH048HnOsjYEb
800,Lee Bendroth,jazz,Where Oceans Meet,2021,41ng9ZQDM3SPKMDT2OdZlq
801,Ximena & Antonio,jazz,Gentileza,2021,2b5sr8aUAAoY7waDSB4KRX
802,Move 78,jazz,Pearls Before Swine,2021,1qKmkgyZIPzw1ub9NaZeYn
803,Little Violet,jazz,Silent Movie,2021,7N3ydbVErDzU6rv43t3ewz
804,Mr Jukes,jazz,Check The Pulse,2021,26eRXVkj3mkiypMQOnmaXG
805,Lady Blackbird,jazz,Five Feet Tall,2021,07vEpZ3j37sDZN0Pmy2tsd
806,Izzy Wise,jazz,Keep It Movin' - feat. Smashish,2021,4D8axmTIdNgoIUji7ZnMLX
807,AronChupa,jazz,Trombone,2021,3vYP0NDCcoPiUHpmtq9YIq
808,Quantic,jazz,I Won't Fade Away,2021,6c2Sn6SZwKvFhJhsGnZPfD
809,Bill Charlap Trio,jazz,I'll Know,2021,7qLzoarYodaUHezJvndAdK
810,Mandevilla,jazz,Winchester In Apple Blossom Time,2021,6S6bbgUm80TdelwOPf0dsR
811,Holborns,jazz,To See a Flower,2021,5wQ0V1GJByFSa74FqYBADD
812,Mista Trick,jazz,I've Got You Under My Skin,2021,0rlDcYuxXipBhLg2NkHhw9
813,Doris Day,jazz,Blue Skies,2021,6MOH6MyP3mtFIUuZrMYQNc
814,BADBADNOTGOOD,jazz,Love Proceeding,2021,5F8XPD481L6K2s8h02Vxuo
815,Hara Noda,jazz,The Beauty of Everyday Things,2021,3jiTehDiPwfIxr9MHfPUvb
816,Move 78,jazz,Daisies,2021,1ngIiHsxj6krNgSTXv90re
817,Ray Charles,jazz,Unchain My Heart,2021,5EpwOn2sBvXXKiwO68g7a1
818,Matt Carmichael,jazz,Hopeful Morning,2021,3yma71q3AQwDZ5oxlpGQ85
819,T. P. Orchestre Poly-Rythmo,jazz,It's A Vanity,2021,0MiEkTtkvhohBIG2C7NdPh
820,Oscar Peterson Trio,jazz,My One And Only Love,2021,7Gf896pRsrMkQpQTkqMI09
821,Move 78,jazz,Faye,2021,00T9YD4qgYZYr33zMPRllI
822,Ben Webster,jazz,When Your Lover Has Gone - Remastered,2021,6T9LlUjt5JIgZrKbYNi8Tm
823,Triosence,jazz,Quiet Sense (feat. Paolo Fresu),2021,56OCZENfcrmeCpufvWZd0P
824,Jon Belle,jazz,If You Could See Me Now,2021,53BeSVY0mpmucCIr0pDkPp
825,Les Sabler,jazz,Esselle's Dance,2021,1EDUekiBpMc07JV4971j75
826,Hailu Mergia,jazz,Tezeta,2021,6DJ5dm6aDeobMcFq1WWj18
827,Mista Trick,jazz,Mr. Sandman,2021,13uOfL1dXtH6Ke01fpBQxf
828,Myele Manzanza,jazz,Two Chords & the Truth,2021,0mQNkcVdEXiseyNEyxNdQc
829,Tony Bennett,jazz,I've Got You Under My Skin,2021,6jz5HzDmPuQ24U7u7KfKGw
830,The 8-Bit Big Band,jazz,"Jump up Super Star (From ""Super Mario Odyssey"")",2021,0BtlkzG35KuvLqXkzxqtZy
831,Marcin Wasilewski Trio,jazz,Riders On The Storm,2021,6YDi1zFfIPb5DxYPLKPF3s
832,Cory Wong,jazz,Thriller,2021,4UnvJ5IVrX7MPeU7wznh6w
833,Johnathan Blake,jazz,Abiyoyo,2021,4uu7myvstHcybO1E2SJOi5
834,The Bridge City Sinners,jazz,The Devil's Swing,2021,03MATAzAcAb1Z9jLcsmP2i
835,Mezzoforte,jazz,Cruising,2021,6LyFVLSOjBL9gh5Q6fwAVK
836,Nouveau Jazz Trio,jazz,Georgia On My Mind,2021,15c6okmVGsMQYb7PkKi5v3
837,Martin Landström,jazz,Clear as Autumn Nights,2021,2PVMfghJc3ayLHjGbGjg3J
838,Vitor José Fonseca,jazz,Lembranças,2021,4eGXFQEQGGxgYy6OFabfJV
839,John Engels,jazz,The Peacocks - Single Edit,2021,6axejDXkOwDHgp7HMwWNXb
840,Vince Guaraldi Trio,jazz,"Oh, Good Grief",2021,7t6Kf3myyknIqWzDFfaImE
841,Funky Times,jazz,Got Ya Movin',2021,0sGUOyUDs3xySpBS0mWUCy
842,Drew Milner,jazz,I Fall In Love Too Easily,2021,0ZuEKQKcR0Zm53Bhb2wgLO
843,Cory Wong,jazz,Ring Of Saturn,2021,6Nzt9EN9eLx9Noe0XZMsyT
844,Kay Lohman,jazz,Memories of You,2021,0eu43TeVxnxOqHj3nBVus2
845,Lady Blackbird,jazz,Blackbird,2021,52D4vLqcr5Nvnzb4GVyZlp
846,Sophie Nichols,jazz,Forever in your arms,2021,5dbsWC1EVqbhHcRbJr4vjF
847,James Vickery,jazz,"Somewhere, Out There",2021,2tr5SBkEWCzx6r7WAJi2Y5
848,Elvine Harley,jazz,P.S. I Love You,2021,2pmeZ067WnFhjPc6zZS3xy
849,The Uptown Players,jazz,Solitude,2021,3UeNIqq0ujRBtJOrqxJcMj
850,Ryo Fukui,jazz,ボディー・アンド・ソウル (Live at Vidro'77),2021,2p2fa6uuxDs7jdDfx5R7lC
851,Edward France,jazz,Skylark,2021,5XzlyI2iS6Km2SNsEQ4O91
852,Pino Palladino,jazz,Just Wrong,2021,58LIZF789jf2itvFjYnRQS
853,Les Sabler,jazz,Keep Pushin',2021,603fWGG9zC1hbiyJxOTyK3
854,Melody Gardot,jazz,Love Song,2021,5Kl1fxp9mTCwtqDaxfDV7i
855,Mark Roswell Trio,jazz,Tenderly,2021,5w6hGJhvWy9Fth9eldO0rT
856,Moreno Jazz Band,jazz,Vivendo,2021,3l7Pg8bvouSSOspl8Q9UU9
857,Ruhi Erdogan,jazz,Ballad for K,2021,5wwitdgVIIUfzLVrPzUKTD
858,Ray Charles,jazz,Till There Was You,2021,6Q0yszyHm2n5W2TS00mJkG
859,Nils Petter Molvær,jazz,True Love Waits (Radiohead),2021,6os2m5ftH4LYEkum1BfP3O
860,Vincent Herring,jazz,In a Sentimental Mood,2021,2VEB1PohDkoy7NBDeKhepa
861,Flora Martínez,jazz,"Lover Man (Oh, Where Can You Be?)",2021,0R5rHcEKfDpC47txuZrzCc
862,Jules Gaia,jazz,Break Fast,2021,6MMnqFpzzZfFQOTLWQvEJs
863,Lady Blackbird,jazz,Fix It,2021,39CoZnCSOHWy35kBaLIvb6
864,Jazzy Coffee,jazz,boat to sea,2021,3DXGVu1o6lWfmeaHWLxUhe
865,Keanan Field Group,jazz,"I Loves You, Porgy",2021,6L620MzHPZRTYKqi1mXiaw
866,Nils Petter Molvær,jazz,Honey in Your Head,2021,0IHTPYEnrSXADbi3XYDNfB
867,Nala Sinephro,jazz,Space 3,2021,4TS1SMLEEhjKr6qeKjfq5z
868,Varra,jazz,Buggo II,2021,0xzJcubDzDHjUXN1ubKd86
869,The Cooltrane Quartet,jazz,Put Your Records On,2021,1C7C0RNdTZBCJLq4BQPHrA
870,Benny Goodman Quartet,jazz,I Cried For You,2021,3K9SMKlffROYQ99bcFtJYM
871,Jazzystics,jazz,Addicted to You,2021,5zawYf7jpkg2gREjEFGvwR
872,Jazzy Coffee,jazz,falling came,2021,1gwsMgqU0gUzSn0YfZVsLD
873,Move 78,jazz,Housecat,2021,64xR5oRQNEp6oD0VOQZFWk
874,Lars Danielsson,jazz,Cloudland,2021,32GV4ifruoiDEoLVe0c1k7
875,Web Web,jazz,Meskel Flowers,2021,5qiU8HB17RIrB1iGQC92WJ
876,Jazzystics,jazz,I've Been Thinking About You,2021,4xNY4ODuyRuL3erXG1yAV9
877,Joao Donato,jazz,Muito À Vontade,2021,6jBrECXZQA9U8RtM6BKqeo
878,Cande y Paulo,jazz,I Fall In Love Too Easily,2021,5KX9xXNC0MlBQLgHw0HOC1
879,Web Web,jazz,Meskel Flowers (Alternate Version),2021,0v3pzvt0L92MO6gTkyZaYv
880,Shakatak,jazz,Paradise Garden,2021,6m0r1DsJPHPXvjUHLRWZwq
881,Jazzy Coffee,jazz,cloud look,2021,3EI0E76V58hzt37pbpU4IB
882,Hederosgruppen,jazz,Jennie,2021,5pvXycrzupnyDZT1FVuwEL
883,Funky Times,jazz,Funky Times 1.0,2021,0ysAPJc8ipXpoCPBcIKYwR
884,Snazzback,jazz,The Hub,2021,71W4dK595uzjCWqinmHoCj
885,Portraits in Jazz,jazz,Melancholia,2021,2drDXmNLJUcNyrnpq9XVl0
886,Swingrowers,jazz,Rose,2021,5IMLktI2bB2baQFTacuyeN
887,Ray Royston,jazz,Darn That Dream,2021,7wyqQSiefHCrYQ3xqAqfwJ
888,Samara Joy,jazz,Jim,2021,78B0mMslheydwHR5BDyz2l
889,Kiefer,jazz,Superhero,2021,7AMcu9TrTEw0jSYKNjXyGD
890,Abraham Afewerki,jazz,Abela,2021,3LnVsL0xGdKl9ivtsgyivG
891,The 8-Bit Big Band,jazz,Fnaf 2 (It's Been So Long) [Big Band Version],2021,564IOuErYckgsMgKmsOBE8
892,St Germain,jazz,So Flute - Ludovic Navarre Amapiano Version 2020,2021,4YvyROzIBzx2lMQmUtf9Uw
893,Les Sabler,jazz,Crescent City Strut,2021,0kQL1CBpsIty7PqG8ysxJA
894,Emmet Cohen,jazz,Dardanella,2021,0QTq57fazdnHads8lz3G9G
895,Tony Bennett,jazz,I Get A Kick Out Of You,2021,6tANJIaIQAFhMxgnafAZd2
896,Move 78,jazz,Normal Jazz,2021,7rtDAchtYieyTtzyFsIaJ4
897,Klugzone,jazz,Bring It Back,2021,0iqMikIO4iKstLcXn1p6oC
898,Gary Bartz,jazz,Spiritual Ideation,2021,1A6EUHcXoC14I6AOhbkfpM
899,Nina Simone,jazz,Feeling Good,2021,1VNfpCEQ0PfyfbuE5N8alF
900,Drake,r&b,Not You Too (feat. Chris Brown),2020,3Q4gttWQ6hxqWOa3tHoTNi
901,Bryson Tiller,r&b,Sorrows,2020,5TXQCMKN6TgemTL3c4wRTn
902,SAULT,r&b,Wildfires,2020,4Tzw9IdZbVyzmpWrvsGaNX
903,Tems,r&b,Free Mind,2020,2mzM4Y0Rnx2BDZqRnhQ5Q6
904,Brent Faiyaz,r&b,Been Away,2020,5PvVkf1Yuq3XyMqqjPiKPd
905,Tems,r&b,Higher,2020,2QdSb68BzZGMgCbsrFmSLc
906,Chris Brown,r&b,Go Crazy,2020,1IIKrJVP1C9N7iPtG6eOsK
907,Trippie Redd,r&b,Excitement,2020,66w7lK0t98OPgvYjXp39IP
908,Brent Faiyaz,r&b,Clouded,2020,2J6OF7CkpdQGSfm1wdclqn
909,SZA,r&b,Good Days,2020,3YJJjQPAbDT7mGpX3WtQ9A
910,PARTYNEXTDOOR,r&b,PERSIAN RUGS,2020,2SWbnWSe1onmbllRAU46uo
911,GIVĒON,r&b,Like I Want You,2020,6qBFSepqLCuh5tehehc1bd
912,Thundercat,r&b,Funny Thing,2020,1c5CllrZr45UBhWpIqM332
913,Cleo Sol,r&b,When I'm in Your Arms,2020,47s5hKfwGXliAAB8wKMiNo
914,Brent Faiyaz,r&b,Rehab (Winter In Paris),2020,0zWbYGQq5O1KQd0iqzgjP6
915,Gotts Street Park,r&b,Everything,2020,2ncwkPlvdbLpgd3d1Kvlo6
916,Bryson Tiller,r&b,Next To You,2020,2SSyJ6hTS0JeHTg63wVDZ7
917,Cleo Sol,r&b,Why Don't You,2020,6RQ0i7rApnnWSI8uEiGVVF
918,Tems,r&b,Damages,2020,3Xfwu3xtPqmJ4nM4jpBm8O
919,Masego,r&b,Mystery Lady,2020,0bkTdkWwGk3OGFX0afD3Wj
920,Aaryan Shah,r&b,Renegade,2020,4n8cj1HW9hTL1AU5Hagq6K
921,Blxst,r&b,Chosen (feat. Ty Dolla $ign),2020,1dIWPXMX4kRHj6Dt2DStUQ
922,Bryson Tiller,r&b,Outta Time (feat. Drake),2020,4SCnCPOUOUXUmCX2uHb3r7
923,PARTYNEXTDOOR,r&b,LOYAL (feat. Drake),2020,2rFqkDRJlumT7QjljlldlR
924,Kehlani,r&b,Toxic,2020,5nexAvWNhwg51EavnDgViy
925,H.E.R.,r&b,"Slide (Remix) (feat. Pop Smoke, A Boogie Wit da Hoodie & Chris Brown) (feat. Pop Smoke)",2020,6MO2bfLHKykUgCChFdw91H
926,SAULT,r&b,Free,2020,4iaaEAAyCWrQdYT5tRnyDb
927,Jhené Aiko,r&b,B.S. (feat. H.E.R.),2020,63wx9vdskaXbYxyDx4oJCZ
928,PARTYNEXTDOOR,r&b,WEST DISTRICT,2020,4louS1zw5coBPLDyJLD5Sm
929,Jack Harlow,r&b,Already Best Friends (feat. Chris Brown),2020,4RKJRRd4VJfZWiqQTYsleE
930,SZA,r&b,Hit Different,2020,7Bar1kLTmsRmH6FCKKMEyU
931,Bryson Tiller,r&b,Keep Doing What You're Doing,2020,1MpQyTgfVMpUOnwKMTSMzu
932,PARTYNEXTDOOR,r&b,THINGS & SUCH,2020,4Hv8QuMQfG7e6GWOWcXYKk
933,Greentea Peng,r&b,Hu Man,2020,2ZfVt2skRwfEq1Wb3D7GmP
934,Brent Faiyaz,r&b,Fuck The World (Summer in London),2020,2CzUlaKN1mvb0szagSR3ux
935,Kehlani,r&b,Can I,2020,0uDdI4fAXCuNhQbmxENdsO
936,Tems,r&b,The Key,2020,4w4EJ9EaeogHLLEYlUXFDo
937,PARTYNEXTDOOR,r&b,THE NEWS,2020,4SINLKyKC7s6RAWKGB7mMt
938,Cleo Sol,r&b,Shine,2020,7iEKaA9Kkn9JfqyKb9HEvR
939,Joesef,r&b,The Sun Is Up Forever,2020,4i17ViZoevssgUvRifo0V5
940,Bryson Tiller,r&b,Self Righteous,2020,4w9dTbEcJx8uBTxGvUYC0h
941,Brent Faiyaz,r&b,Dead Man Walking,2020,5VlTQnZO89Ioku8ssdbqJk
942,GIVĒON,r&b,The Beach,2020,2Hd7uGbl8PX0IxyX59VFOg
943,Bryson Tiller,r&b,Just Another Interlude,2020,4Vwg5CDYqAOf50Rt1WC6Kh
944,Dreamer Isioma,r&b,Sensitive,2020,06DPYEqSX1jMaxvnXNVshB
945,Yazmin Lacey,r&b,Morning Matters,2020,1EeS8SQ0BAhNrLVLCNrxrj
946,Masego,r&b,Bliss Abroad,2020,7bnhPW64dgFLk7OiCOqzqh
947,Jhené Aiko,r&b,P*$$Y Fairy (OTW),2020,48KXAIruJ07kJVCWOGohMV
948,ENNY,r&b,Peng Black Girls Remix (feat. Jorja Smith),2020,2VXcVF8k3GXCFfKu7azVvw
949,Biig Piig,r&b,Oh No,2020,5OplD6jkrUT7XJFFIM6mph
950,Jorja Smith,r&b,Rose Rouge,2020,36apwMphkcaS63LY3JJMPh
951,Thundercat,r&b,Dragonball Durag,2020,7eWGnKg4B44sbBPpQp4y2c
952,Cleo Sol,r&b,Her Light,2020,1HWGhEcHmzYjyMErq0eovQ
953,Jhené Aiko,r&b,On The Way (feat. Mila J),2020,423NhOTzoqgeaIJbrUzSoo
954,Zubi,r&b,sugar,2020,2yZnk277KIf3JHB5ss942Z
955,Alex Isley,r&b,Good & Plenty,2020,1VAKnb1btGrQXcVZVSRkPe
956,Bryson Tiller,r&b,Inhale,2020,0ycIrEpkyb4lrqE7M1emju
957,ENNY,r&b,Peng Black Girls Remix - A COLORS SHOW,2020,7L15RIYFpoiHKJQNHsYhWM
958,Teyana Taylor,r&b,Bare Wit Me,2020,0hi5V0ExKfjCz9zLxhVAcl
959,Brent Faiyaz,r&b,Let Me Know,2020,0dJhXJKZTpiaxTUc7uItIN
960,GIVĒON,r&b,Favorite Mistake,2020,4rHIfYRQw6ittRQXAlurk0
961,PARTYNEXTDOOR,r&b,SAVAGE ANTHEM,2020,7I0Sleck98bBPRZItY0w76
962,Jack Harlow,r&b,Luv Is Dro (feat. Static Major & Bryson Tiller),2020,0LcsvJQSFIQo3RjNhPcYqT
963,Khalid,r&b,Eleven (feat. Summer Walker),2020,18O00Y7yrkJ0pRXm1n21Og
964,The Silhouettes Project,r&b,Closer,2020,0pMs1gXODWwGQ1pK3qKVtz
965,Bryson Tiller,r&b,Always Forever,2020,1LV5cAo02H8h5YlZNcjULM
966,Tink,r&b,Bottom Bitch,2020,5zAuk07JCI2ZxZch24ZCrS
967,Masego,r&b,Silver Tongue Devil,2020,6Ap0yGl178iQGuMoXUloVP
968,Tems,r&b,Ice T,2020,4vcUf8YqLi1mDeT9c0Wo6f
969,Jhené Aiko,r&b,None Of Your Concern (feat. Big Sean),2020,75MSZRbAbQuzfUV3Pefvut
970,Victoria Monét,r&b,We Might Even Be Falling In Love (Interlude),2020,4rCuwgRRKaIiHlHDc8Bga6
971,Kehlani,r&b,Can You Blame Me (feat. Lucky Daye),2020,12xVuIohhHSklxvi1ItKGA
972,Ella Mai,r&b,Not Another Love Song,2020,5XqDJFVCyRTm5J7cIfRmR1
973,Jordan Rakei,r&b,Borderline,2020,5rcGQIrv6eUIyCBfWga363
974,Teyana Taylor,r&b,How You Want It? (feat. King Combs),2020,28WNotZoSqhjFHPwaeiFLA
975,PARTYNEXTDOOR,r&b,SPLIT DECISION,2020,7BY2h0RUgeenWrnbwPr0Kt
976,Lithe,r&b,Pessimist,2020,0JWA4NaSOa1mZfLyNvZLQW
977,Summer Walker,r&b,My Affection (with PARTYNEXTDOOR),2020,2aSM4sbNN7cSmpYOG0sf46
978,Blxst,r&b,Overrated,2020,6Fc9IYSkbmVwv4dlzn8hJb
979,Ojerime,r&b,Give It Up 2 Me,2020,3X7wVYr4XpzGgoXmQVnrJo
980,H.E.R.,r&b,Comfortable,2020,3f3cliOygeuUpGRwdohy12
981,SZA,r&b,Good Days,2020,1bWh6WbYzSFxsOKzE4EpUu
982,Cleo Sol,r&b,Young Love,2020,4UpBPaIMx7OoFpjeNdXfMn
983,Chris Brown,r&b,City Girls,2020,1rJUbH0v2E8t1GY4OAUTeC
984,Gabzy,r&b,As Friends,2020,5xfLJShg04bODHnt1MJyhD
985,Brent Faiyaz,r&b,Bluffin,2020,3detfCDz7x2G34sKD1XzA6
986,Orion Sun,r&b,Mirage,2020,1w327AHTCoChRIkJUprAnV
987,KAMAUU,r&b,MANGO (feat. Adi Oasis),2020,384TJj6XyHUyNlCbdgm6Sz
988,Lianne La Havas,r&b,Bittersweet - Radio Edit,2020,7CNtRYYyhNJKXFr2bQ5rv2
989,Drake,r&b,Not You Too (feat. Chris Brown),2020,6GVZ7A3IWkPNuG5FdcRE7O
990,PARTYNEXTDOOR,r&b,EYE ON IT,2020,6N994zHEhtefaMp0mIuMrK
991,Lola Young,r&b,Pick Me Up,2020,30jct5HzIetNY4IGbrnQKz
992,Jessie Reyez,r&b,IMPORTED (with 6LACK),2020,2shEeQzAAL3nnOXfB5pJXx
993,The Silhouettes Project,r&b,At the Bay,2020,41pbH3pJ5E8EjmeyAbJVGu
994,Daniel Caesar,r&b,Made to Fall in Love,2020,36h1hoNVjKcsLUH2NzGmPj
995,Jhené Aiko,r&b,Triggered (freestyle),2020,3zPgAKn5tbmCuCKrR3r7qE
996,Dutch Melrose,r&b,Sleepless,2020,3omOkLNDoM6G5Ggrh9MPXb
997,Victoria Monét,r&b,Experience,2020,2oap3QptGISyIvwKpnJJId
998,Qendresa,r&b,Don't Stop,2020,597QyIjFzPHQt4ZxpSxRW5
999,GIVĒON,r&b,Vanish,2020,0ECWkqtSIryUYVjyJMr0yA
1000,Kali Uchis,r&b,fue mejor (feat. SZA),2020,4AIiCP2scA6jt6jAKfkvTX
1001,Blxst,r&b,Be Alone,2020,7tjtWVu8RsshzPxQm8oT3y
1002,Wesley Joseph,r&b,Ghostin',2020,02oUEbDQXcVITlLQKMPN1F
1003,Chloe x Halle,r&b,Do It,2020,35Dh5MnCUPLN3XyAVtQff3
1004,Joy Crookes,r&b,You & Me Song,2020,2KYxtGXViLqIRY5fkOpPDS
1005,Victoria Monét,r&b,Moment,2020,6rSUrh8ErKSKfbH0t0IzCM
1006,Masego,r&b,Sides of Me,2020,1Hl52AxTWYv4IMbNKbI5bl
1007,ODIE,r&b,Miss Summer,2020,58VNpcJpI5dEKxYByCkbXc
1008,PARTYNEXTDOOR,r&b,THE NEWS,2020,4u7GCdk0XWQ8mNqtSvf4Tj
1009,Oklou,r&b,god's chariots,2020,6xoKWTiw0jVO3IvEKLxMSs
1010,Cleo Sol,r&b,Rewind,2020,6X3fgvBtf9IIutyIJixSf6
1011,Orion Sun,r&b,Antidote,2020,1NlGXcWeUSe1s3IgRKcqmB
1012,Qendresa,r&b,Be Mine,2020,3dSZcr7SWwFdOmY0r3Ryih
1013,Qendresa,r&b,Real Luv,2020,4N1Vch91SH2b2xrseGfHTy
1014,Pink Siifu,r&b,Creme's Interlude,2020,5kYaWgEAb5WTI0x97T5Kh1
1015,Marcus King,r&b,The Well,2020,4wszHgvhXYlN2Io813hLQ1
1016,Terrace Martin,r&b,Freeze Tag (feat. Phoelix),2020,47v4uUtj5AukJmCbMq4Kry
1017,Pip Millett,r&b,Heavenly Mother,2020,328rLNs6WQPOlFSPpIUy7E
1018,Tems,r&b,Interference,2020,5Bngj85IUf1HrAWGhMAwRn
1019,Gotts Street Park,r&b,Everything,2020,3ELZG2YLGrwCVesooFyF4e
1020,SWIM,r&b,Eyes On You,2020,2ezF8mcfJ6CEkxbzgzkApX
1021,H.E.R.,r&b,Damage,2020,0KS2h61pHQ4WmOwruD7uxD
1022,Bryson Tiller,r&b,Timeless Interlude,2020,6Iw6fQVKZi0fWtEQBrTFcP
1023,Kehlani,r&b,Water,2020,4ot7u8Ij91aHKohSV2QYZi
1024,Duckwrth,r&b,Kiss U Right Now,2020,4A4EI3YNaHhDiAgpQlCZkk
1025,The Allergies,r&b,Every Trick in the Book,2020,35KSq3dIn9aOfp4r4KEhcX
1026,Kaash Paige,r&b,Love Songs - Remix,2020,5EFczt9dqrCu60udoD41Yy
1027,Little Dragon,r&b,Where You Belong,2020,0WPOxxoEVoglAvhqroDpQA
1028,Kehlani,r&b,Hate the Club (feat. Masego),2020,0QUbiLQySWPq5Lh3f7A9bN
1029,Teyana Taylor,r&b,Wake Up Love (feat. IMAN),2020,3HLkL9ahiEnACmnuq8Pcwt
1030,GIVĒON,r&b,World We Created,2020,51Ful1v7b81FchIFFTAQ05
1031,Girlhood,r&b,The Love I Need,2020,668KYurfiwnnJNBH4jv7dI
1032,Tems,r&b,These Days,2020,42KrZrk0IG0zFPzVkRNqh0
1033,The Silhouettes Project,r&b,Standing There,2020,11qPxILRaVPoLVgVajD82l
1034,Masego,r&b,King's Rant,2020,0BPlV0Mu5rExjWcq9MxUaN
1035,Arlo Parks,r&b,Eugene,2020,4S6PolgPZ5OLph314ww8Fg
1036,Victoria Monét,r&b,Ass Like That,2020,6YQmDvj6XVAKSPLzjjLrFj
1037,Kehlani,r&b,Change Your Life (feat. Jhené Aiko),2020,1YqXXJDSlDHrp66g9as4uo
1038,Amaarae,r&b,SAD GIRLZ LUV MONEY,2020,2pgDBO0ZAgvye7joSmdDm8
1039,DeJ Loaf,r&b,Running Through My Mind,2020,6429VCF3JxKxYUlow8FUxj
1040,Bryson Tiller,r&b,I'm Ready For You,2020,1zmv0tPVWdbCuvBw90MYwO
1041,rum.gold,r&b,Waiting For (feat. Jamila Woods),2020,02nZeTbm2dRHisH6qsUM5E
1042,Jhené Aiko,r&b,Above And Beyond,2020,2p5QtNGyfnT5MhQex3WOte
1043,Cleo Sol,r&b,Rose in the Dark,2020,1x6MXwyxf4R0V0Cdy4MnYl
1044,Masego,r&b,Mystery Lady (feat. Don Toliver),2020,2Ee9amLUslOwgoJWZEpSSD
1045,Bryson Tiller,r&b,Years Go By,2020,4SVTus5gJc5cfkFZ8ELK1p
1046,Tory Lanez,r&b,Solar Drive @ Night,2020,01qXv30NBRezWvfFCuXKWr
1047,Kehlani,r&b,Open (Passionate),2020,4J4yA7A68PmgSbjAn425eY
1048,Joy Crookes,r&b,Anyone But Me,2020,40KxHanilxLVRq4DY5pnm7
1049,Khalid,r&b,Eleven,2020,1ToprX3cpBiXoAe5eNSk74
1050,Drake,r&b,Fountains (with Tems),2021,08XWh5c0BMyD1nKVxxl91z
1051,Jhené Aiko,r&b,stranger,2021,7eZXAeqqdLDrAp2MvrPzWn
1052,Russ,r&b,3:15 (Breathe),2021,0dGqP4VickYjtIaB5VOt4H
1053,Summer Walker,r&b,No Love (with SZA),2021,08SB2OtZkaliju77WYEKxk
1054,Dijon,r&b,The Dress,2021,0YMe6PHRbeDcN7KJdCG0bW
1055,Mariah the Scientist,r&b,All For Me,2021,7vIDhgD7WWTMpvgJebImoN
1056,"Tyler, The Creator",r&b,SWEET / I THOUGHT YOU WANTED TO DANCE (feat. Brent Faiyaz & Fana Hues),2021,3EG9FJ0ToLfgnc1IG2Z1wz
1057,Drake,r&b,Get Along Better,2021,5ScbulRnixQ2XAdvrPMFjz
1058,Olivia Dean,r&b,Be My Own Boyfriend,2021,0DXZHcAQAkXx8YlMIdzqgG
1059,Mariah the Scientist,r&b,Always n Forever (feat. Lil Baby),2021,6dbENHQHHtWRai4snSvy2w
1060,Sonder,r&b,Nobody But You,2021,6VFKuuqSbA1GpMEosUgTwQ
1061,Tems,r&b,Replay,2021,2dFqK2ZkYB9Xc47gr3xXWl
1062,Brent Faiyaz,r&b,Paper Soldier (feat. Joony),2021,0ReoK9isNvJmI7nV2iJcNR
1063,Tory Lanez,r&b,Lady Of Namek,2021,6ieWL5CLN9WdC875guWtMe
1064,Cleo Sol,r&b,Sunshine,2021,1el1feH98jWUrPpYmu5jN8
1065,Tory Lanez,r&b,And This is Just The Intro,2021,4sMmYKC0ot3GTbl2RzHw7T
1066,Tems,r&b,Found (feat. Brent Faiyaz),2021,0GGfGINoVYiSFXPOjg3RHj
1067,Jhené Aiko,r&b,my mine,2021,2B8Y5LaNSEkuB3LA9okArd
1068,Snoh Aalegra,r&b,DO 4 LOVE,2021,3FImu2LpSuH6gDHBuFgIbS
1069,Snoh Aalegra,r&b,IN YOUR EYES,2021,1wjDFBUOMuZKm1eJ8GzRBX
1070,Cleo Sol,r&b,Promises,2021,6aQ7nlAEOhhRnsHi6eY0zT
1071,Bruno Mars,r&b,Smokin Out The Window,2021,3xVZYkcuWalGudeKl861wb
1072,GIVĒON,r&b,Stuck On You,2021,3LBM25IgxI9y549SiYxtSi
1073,Tory Lanez,r&b,Y.D.L.R.,2021,0ZHLqpysyyJil6TlEJAZY9
1074,Jhené Aiko,r&b,living room flow - Bonus,2021,4Li8dc3ucCesQJMKErU5zM
1075,MORGAN,r&b,ADCT,2021,6KUseALz8TNRr1PYaJnKjv
1076,Olivia Dean,r&b,Dy-Na-Mi-Tee,2021,7aMwi1F7qqHAebvmWnKoBi
1077,Mariah the Scientist,r&b,2 You,2021,5UyE68WJRtNobAhUHDOesw
1078,Jhené Aiko,r&b,2 seconds - Bonus,2021,1dnECPoSYg3ni8dr8HhulX
1079,Ne-Yo,r&b,Sexy Love,2021,7lk31YBNZcUU4CjhRBZ4jz
1080,GIVĒON,r&b,All To Me,2021,5JycxhApZmzbA4xSwvqh6k
1081,Tory Lanez,r&b,‘87 Stingray,2021,17sPXQa8bT24ToCYHXuQXI
1082,Yebba,r&b,Far Away (feat. A$AP Rocky),2021,14qNHvX8h6HoynFuV0RxWS
1083,GIVĒON,r&b,Still Your Best,2021,6qvtoU0gbkaOcTx6mnVDgV
1084,Tory Lanez,r&b,Distance,2021,1eW4XynQ3uk7Xi01hAzedv
1085,Hiatus Kaiyote,r&b,Red Room,2021,55mvtucws4Mnro27744t9X
1086,Brent Faiyaz,r&b,MERCEDES,2021,0tkgmjBMU6qSxolAKB3f2H
1087,Jorja Smith,r&b,Addicted,2021,3vMtiUewPWlK5UsIlE8lIy
1088,SZA,r&b,I Hate U,2021,5dXWFMwD7I7zXsInONVl0H
1089,Hotel Ugly,r&b,Stevie Doesn't Wonder,2021,7BgyWwbbybJr2IbQoI1gzH
1090,Q,r&b,Take Me Where Your Heart Is,2021,1RJl5cZ8kFpoVFOS2x6scI
1091,Arlo Parks,r&b,Eugene,2021,0sT4slW2xWai3EwVSiuL9Y
1092,Dijon,r&b,Talk Down,2021,4AZk9awBXJRVaLS7gOsaMO
1093,Lucky Daye,r&b,Over,2021,1DOgkaR5Gqa8JtPEIbQORC
1094,Don Toliver,r&b,Drugs N Hella Melodies (feat. Kali Uchis),2021,0IX5OFffosy8wk16m1IFCa
1095,Lithe,r&b,I need,2021,5CPiiKRbI2UKPHKaSKhJg4
1096,RUBII,r&b,Manifest,2021,7c00KL8pafhCgqoayLNh7u
1097,hard life,r&b,daydreams,2021,3XHjBo5wg5tvVugQRXkP0P
1098,Jorja Smith,r&b,Addicted,2021,778x5bolqJeICcrtSBNrko
1099,Chase Atlantic,r&b,SLIDE,2021,1p3RpKfSJQcVTEwrQWr8q7
1100,Tems,r&b,Crazy Tings,2021,5VQagemEOLpJJikcLzDNYR
1101,Venna,r&b,"Sun, Moon & Herbs",2021,6pHo3k15lbYuljy5GyZsV2
1102,Tory Lanez,r&b,Feels (feat. Chris Brown),2021,7D60mvrq5guYFUbt84FeVk
1103,Tory Lanez,r&b,Lady of Neptune,2021,1ZqvVE8uiqOxtJ2E8FLl8x
1104,Snoh Aalegra,r&b,DYING 4 YOUR LOVE,2021,1Yx1TbWg1zbl6gQ3SCOFCN
1105,Jorja Smith,r&b,Burn,2021,099qKQ9zvTWcMDsNsasKpI
1106,Summer Walker,r&b,Switch A Nigga Out,2021,5Mv7yjian35AddlklJgg1v
1107,Bruno Mars,r&b,Smokin Out The Window,2021,1oERlssLrpssCAY6Yqqs6c
1108,Jenevieve,r&b,Baby Powder,2021,4Nw7kywWurWS6ceinn1cHK
1109,Daniel Di Angelo,r&b,Drive You Insane,2021,7ckfO3Cerf6OsNgdHBqf1b
1110,Summer Walker,r&b,Unloyal (with Ari Lennox),2021,081Shn2hU3YxvQmGaCPegr
1111,Russ,r&b,Seduce (Feat. Capella Grey & Tamae),2021,5irzewJoHob42Nq3P9kOYh
1112,Summer Walker,r&b,Insane,2021,3pcxxaUxAMSfz2zgetHydD
1113,Dijon,r&b,Many Times,2021,63EUqnpcphhZh8SbXagArw
1114,Darci,r&b,Wild Horse,2021,2wgBBqtX5x2UfcJItChy3H
1115,Summer Walker,r&b,Throw It Away,2021,21DN44aYlSoyfOQcboC0IP
1116,Bryson Tiller,r&b,7:00,2021,7LJZyNjN5U0LdYSBQ9hlLz
1117,Skeete,r&b,Notice Me,2021,6HDUtjAPqFtXV9LL1D8eWa
1118,Brent Faiyaz,r&b,Wasting Time ( feat. Drake & The Neptunes ),2021,48WidxP9CqyYtk97pwGZ3c
1119,Normani,r&b,Wild Side (feat. Cardi B),2021,2vXgyN14LX2zl7JEASw242
1120,Lucky Daye,r&b,Good & Plenty - Remix,2021,6T3Ebo7EOh8cUOyE4OhFpp
1121,H.E.R.,r&b,Come Through (feat. Chris Brown),2021,3krZxyBsWEHfEfJegYaWTd
1122,Greentea Peng,r&b,Dingaling,2021,1rcIb8sfuxcOsCoLqVaQhw
1123,Summer Walker,r&b,Constant Bullshit,2021,1luvsaicSpNDRLgOtRZxWO
1124,Brent Faiyaz,r&b,"GRAVITY (FEAT. TYLER, THE CREATOR)",2021,6u3CPnFMKANYgfdiifFOiJ
1125,Bryson Tiller,r&b,Still Yours (feat. Big Sean),2021,0vaurfXBWA3owUdvkfhEGy
1126,Tory Lanez,r&b,...The Make Up,2021,7l09cNteUmR1IHXZRLWaAE
1127,James Blake,r&b,Coming Back (feat. SZA),2021,2pSsHnjAgEPjHmet7ChlHQ
1128,Sam Wills,r&b,Traingazing,2021,3WaNEoMh1pCLufz2fbLBAE
1129,H.E.R.,r&b,Come Through (feat. Chris Brown),2021,29he0Joo5sz2607A6ZBT6H
1130,Yung Bleu,r&b,Beautiful Lies,2021,3BjwSq6phb60SOdTZw5pZY
1131,Summer Walker,r&b,Toxic (with Lil Durk),2021,4blMQHONplzay3YkNIUlcn
1132,Yebba,r&b,Distance,2021,1SsUx7lHTfuiSSB1KfRMdE
1133,Montell Fish,r&b,Call U Tomorrow,2021,1kPee0zC6xh3DT1mlG5a82
1134,Khamari,r&b,"Doctor, My Eyes",2021,1ZjE0bbhrk7OyQftjaWUxQ
1135,GIVĒON,r&b,For Tonight,2021,61Emqg95O9zo1GNOcyxq4Y
1136,Mereba,r&b,Rider,2021,7BUnSvQPU5m830Et7fLAZt
1137,Tory Lanez,r&b,Deceiving Eve,2021,2ASsBav3zKycGO9YcQj13u
1138,GIVĒON,r&b,Last Time (feat. Snoh Aalegra),2021,0RJD0uJykyJH6vFzz6ufaE
1139,Mariah the Scientist,r&b,Walked In (feat. Young Thug),2021,4HnvRYwwhulZMABmLK86ue
1140,Summer Walker,r&b,Session 33,2021,1k7Sn04nBNcLKbSwORsFgJ
1141,Jazmine Sullivan,r&b,Pick Up Your Feelings,2021,2I7CJZLo2nDqGuzZJA1XlZ
1142,H.E.R.,r&b,Damage,2021,2azM2WRIpQiB9ALfVmYtlW
1143,Cleo Sol,r&b,Don't Let It Go to Your Head,2021,6cyOEQBfXRO7RofaFpzlT4
1144,Mario Winans,r&b,I Don't Wanna Know,2021,28KdK3DzO2WOUwPLkR0qsR
1145,DESTIN CONRAD,r&b,IN THE AIR,2021,4TLJNON6mZLpfZX3g4Oh8B
1146,Cleo Sol,r&b,23,2021,1JVEM4C04VPAU9JTnKthNk
1147,Inayah,r&b,Fallin,2021,5j1WBwhf52tdJDJvAMZQ3x
1148,Yung Bleu,r&b,Baddest,2021,33N9JGkr9McbbPEMgUjqPj
1149,Hiatus Kaiyote,r&b,And We Go Gentle,2021,3PHgxKy3nKy0v9KvUtHl8g
1150,The Blue Stones,r&b,Shakin' Off The Rust,2021,5MKtQtz40BsJZvqkS5FmC6
1151,Tems,r&b,Avoid Things,2021,2fw39xbq6pDrtzQB4M1MhV
1152,Summer Walker,r&b,Reciprocate,2021,5xGqh5mjKgOhp9TOlFeCcJ
1153,Jorja Smith,r&b,Gone,2021,1wFwyUWoNFdr0Fl0QygxZ2
1154,Sasha Keable,r&b,Killing Me,2021,35KBVb0GWD9u0IGMRSNMEL
1155,Dijon,r&b,Big Mike's,2021,49FA0CCwP0GmIVbPzBqjD4
1156,Chase Atlantic,r&b,I THINK I’M LOST AGAIN,2021,4Ilb8dlna99ZRDlLrCotM0
1157,Joy Crookes,r&b,Trouble,2021,3JqthBGrJH1BeV76QAq9BD
1158,Jhené Aiko,r&b,do better blues (feat. HOPE),2021,4slDDMAoLgYKvEpiUAUEQI
1159,Sevyn Streeter,r&b,Taboo,2021,5id3xP9Nmc17YznKKcSMbv
1160,Jordan Ward,r&b,Lil Baby Crush,2021,6nXiaXqSZAJuOG6q66mZV1
1161,Che Ecru,r&b,XTC,2021,21pZqTIwrBxgbhDzHoPtM3
1162,Jhené Aiko,r&b,you vs them,2021,68s7fE0r719vZa7E1OqNaR
1163,Arlo Parks,r&b,Black Dog,2021,37pShAS4iuRXJeRAa9k6xw
1164,Alewya,r&b,Play,2021,5oiTnaEHK3OFDZIL8AIYwu
1165,Chase Atlantic,r&b,EMPTY,2021,10UlPBWHkekb2UiDnwcyeD
1166,Tems,r&b,Vibe Out,2021,6kJBDQLD0YOAyqmo9HWBrR
1167,Chase Atlantic,r&b,CALL ME BACK,2021,22aE8zIZUJXegctyP0KEA3
1168,June Freedom,r&b,Collabo,2021,0KCGBCA9Zm5FJeYv7dXe2a
1169,Summer Walker,r&b,4th Baby Mama,2021,3WSBP6JEf4Y2aKD2swQ8AG
1170,Wesley Joseph,r&b,The Bloom,2021,6fdzX7Qy7LN5uaJ0ukH6p5
1171,Mariah the Scientist,r&b,Brain,2021,0niLfdcpX7413IewnvlZw8
1172,Jorja Smith,r&b,Bussdown (feat. Shaybo),2021,2gP19KH3V5JlR5MycAIL3R
1173,Jazmine Sullivan,r&b,Girl Like Me (feat. H.E.R.),2021,2sXydP9vPEYUH4uAWotuGu
1174,Venna,r&b,June's Cry,2021,72NynuHPtVPMyeJq1y4eBT
1175,Tems,r&b,Found (feat. Brent Faiyaz),2021,7quB4D2OH6Q5WwzeEga1q5
1176,H.E.R.,r&b,Slide,2021,428JUvntvW20r9hOOpFAao
1177,Asiah,r&b,Dangerous,2021,4IkZf8InSg9ybEo441FWSR
1178,Victoria Monét,r&b,Coastin’,2021,1IjeGPU5hqHlJpm00zObN7
1179,GIVĒON,r&b,The Beach,2021,1QRpKIlwwqXxDgQEXSvR92
1180,Lovely Peaches,r&b,Love Is A Waste Of Time,2021,6OPHkZRTE9q75MAJeyy6hD
1181,Dabeull,r&b,Messages from the Stars,2021,00NUowM70GCryxvjHPd26C
1182,Mariah the Scientist,r&b,Aura,2021,4lGYObFWjcUBVppQ2TVDTU
1183,Sam Wills,r&b,Talk In The Morning,2021,1cuQuuCWMYREEKJzejOd5x
1184,Ne-Yo,r&b,When You're Mad,2021,0bRC5Nz8wXtJCDkueKRhHY
1185,Joy Crookes,r&b,Poison,2021,3yNLAcsyowTQ1GZUJUAXbH
1186,Jhené Aiko,r&b,mirrors - Bonus,2021,0IXTRIqR1OsKb0YQ235Xkd
1187,Amaria,r&b,Lose Control,2021,4fVXcxsXPW5lhy5ut9biHB
1188,Noname,r&b,Rainforest,2021,7jnaAu7P745QnBBHm3RtSU
1189,Snoh Aalegra,r&b,LOST YOU,2021,26aJMMLBSOQmiC4JenVjjl
1190,Mary Jane Girls,r&b,All Night Long,2021,0Bcb9iM5GQS81XJa4NDnlp
1191,Cleo Sol,r&b,Music,2021,6Watx1YhBZeISowqXK3YGq
1192,Leon Bridges,r&b,Steam,2021,0JhOWLV0il0wcoyOr2kaCx
1193,Tory Lanez,r&b,Lady Of Namek,2021,6btIpLff2jE56h2N40smAj
1194,Sasha Keable,r&b,Goosebumps,2021,4SelzUrCidrhIGNrICgT0o
1195,Lola Young,r&b,Bad Tattoo,2021,2zw7f5vqU22SkaaQoir5z3
1196,Emotional Oranges,r&b,Body & Soul (feat. Biig Piig),2021,6ltcWFTmyRQbSNCNOTK0uM
1197,Alina Baraz,r&b,Alone With You,2021,7D3AvJojWNdkEWoSIwFLiE
1198,G-Eazy,r&b,Provide (feat. Chris Brown & Mark Morrison),2021,0tQmgwFKw9069z1BXniOiA
1199,Sam Wills,r&b,Undercover,2021,2Y45m1Y81zlNQEK7SVAd1u
